pokedex_number;name;en_name;classfication;type1;type2;abilitiy1;abilitiy2;abilitiy3;abilitiy4;height_m;weight_kg;percentage_male;generation;is_legendary;has shiny;has mega;lower_evolution;evolution_1;evolution_2;evolution_3;evolution_4;evolution_5;evolution_6;evolution_7;evolution_8
1;Bulbizarre;Bulbasaur;Pokémon graine;Grass;Poison;Overgrow;Chlorophyll; ; ;0.7;6.9;88.1;1;0;true;false; ;2; ; ; ; ; ; ;
2;Herbizarre;Ivysaur;Pokémon graine;Grass;Poison;Overgrow;Chlorophyll; ; ;1.0;13.0;88.1;1;0;true;false;1;3; ; ; ; ; ; ;
3;Florizarre;Venusaur;Pokémon graine;Grass;Poison;Overgrow;Chlorophyll; ; ;2.0;100.0;88.1;1;0;true;true;2; ; ; ; ; ; ; ;
4;Salamèche;Charmander;Pokémon lézard;Fire; ;Blaze;Solar Power; ; ;0.6;8.5;88.1;1;0;true;false; ;5; ; ; ; ; ; ;
5;Reptincel;Charmeleon;Pokémon flamme;Fire; ;Blaze;Solar Power; ; ;1.1;19.0;88.1;1;0;true;false;4;6; ; ; ; ; ; ;
6;Dracaufeu;Charizard;Pokémon flamme;Fire;Flying;Blaze;Solar Power; ; ;1.7;90.5;88.1;1;0;true;true;5; ; ; ; ; ; ; ;
7;Carapuce;Squirtle;Pokémon minitortue;Water; ;Torrent;Rain Dish; ; ;0.5;9.0;88.1;1;0;true;false; ;8; ; ; ; ; ; ;
8;Carabaffe;Wartortle;Pokémon tortue;Water; ;Torrent;Rain Dish; ; ;1.0;22.5;88.1;1;0;true;false;7;9; ; ; ; ; ; ;
9;Tortank;Blastoise;Pokémon carapace;Water; ;Torrent;Rain Dish; ; ;1.6;85.5;88.1;1;0;true;true;8; ; ; ; ; ; ; ;
10;Chenipan;Caterpie;Pokémon ver;Bug; ;Shield Dust;Run Away; ; ;0.3;2.9;50;1;0;true;false; ;11; ; ; ; ; ; ;
11;Chrysacier;Metapod;Pokémon cocon;Bug; ;Shed Skin; ; ; ;0.7;9.9;50;1;0;true;false;10;12; ; ; ; ; ; ;
12;Papilusion;Butterfree;Pokémon papillon;Bug;Flying;Compound Eyes;Tinted Lens; ; ;1.1;32.0;50;1;0;true;false;11; ; ; ; ; ; ; ;
13;Aspicot;Weedle;Pokémon insectopic;Bug;Poison;Shield Dust;Run Away; ; ;0.3;3.2;50;1;0;true;false; ;14; ; ; ; ; ; ;
14;Coconfort;Kakuna;Pokémon cocon;Bug;Poison;Shed Skin; ; ; ;0.6;10.0;50;1;0;true;false;13;15; ; ; ; ; ; ;
15;Dardargnan;Beedrill;Pokémon guêpoison;Bug;Poison;Swarm;Sniper; ; ;1.0;29.5;50;1;0;true;true;14; ; ; ; ; ; ; ;
16;Roucool;Pidgey;Pokémon minoiseau;Normal;Flying;Keen Eye;Tangled Feet;Big Pecks; ;0.3;1.8;50;1;0;true;false; ;17; ; ; ; ; ; ;
17;Roucoups;Pidgeotto;Pokémon oiseau;Normal;Flying;Keen Eye;Tangled Feet;Big Pecks; ;1.1;30.0;50;1;0;true;false;16;18; ; ; ; ; ; ;
18;Roucarnage;Pidgeot;Pokémon oiseau;Normal;Flying;Keen Eye;Tangled Feet;Big Pecks; ;1.5;39.5;50;1;0;true;true;17; ; ; ; ; ; ; ;
19;Rattata;Rattata;Pokémon souris;Normal; ;Run Away;Guts;Hustle; ;0.3;3.5;50;1;0;true;false; ;20; ; ; ; ; ; ;
20;Rattatac;Raticate;Pokémon souris;Normal; ;Run Away;Guts;Hustle; ;0.7;18.5;50;1;0;true;false;19; ; ; ; ; ; ; ;
21;Piafabec;Spearow;Pokémon minoiseau;Normal;Flying;Keen Eye;Sniper; ; ;0.3;2.0;50;1;0;true;false; ;22; ; ; ; ; ; ;
22;Rapasdepic;Fearow;Pokémon bec-oiseau;Normal;Flying;Keen Eye;Sniper; ; ;1.2;38.0;50;1;0;true;false;21; ; ; ; ; ; ; ;
23;Abo;Ekans;Pokémon serpent;Poison; ;Intimidate;Shed Skin;Unnerve; ;2.0;6.9;50;1;0;true;false; ;24; ; ; ; ; ; ;
24;Arbok;Arbok;Pokémon cobra;Poison; ;Intimidate;Shed Skin;Unnerve; ;3.5;65.0;50;1;0;true;false;23; ; ; ; ; ; ; ;
25;Pikachu;Pikachu;Pokémon souris ;Electric; ;Static;Lightning Rod; ; ;0.4;6.0;50;1;0;true;false;172;26; ; ; ; ; ; ;
26;Raichu;Raichu;pokémon souris;Electric; ;Static;Lightning Rod; ; ;0.8;30;50;1;0;true;false;25; ; ; ; ; ; ; ;
27;Sabelette;Sandshrew;Pokémon souris;Ground; ;Sand Veil;Sand Rush; ; ;0.6;12;50;1;0;true;false; ;28; ; ; ; ; ; ;
28;Sablaireau;Sandslash;Pokémon souris;Ground; ;Sand Veil;Sand Rush; ; ;1;29.5;50;1;0;true;false;27; ; ; ; ; ; ; ;
29;Nidoran♀;Nidoran♂;Pokémon vénépic;Poison; ;Poison Point;Rivalry;Hustle; ;0.4;7.0;0;1;0;true;false; ;30; ; ; ; ; ; ;
30;Nidorina;Nidorina;Pokémon vénépic;Poison; ;Poison Point;Rivalry;Hustle; ;0.8;20.0;0;1;0;true;false;29;31; ; ; ; ; ; ;
31;Nidoqueen;Nidoqueen;Pokémon perceur;Poison;Ground;Poison Point;Rivalry;Sheer Force; ;1.3;60.0;0;1;0;true;false;30; ; ; ; ; ; ; ;
32;Nidoran♂;Nidoran♀;Pokémon vénépic;Poison; ;Poison Point;Rivalry;Hustle; ;0.5;9.0;100;1;0;true;false; ;33; ; ; ; ; ; ;
33;Nidorino;Nidorino;Pokémon vénépic;Poison; ;Poison Point;Rivalry;Hustle; ;0.9;19.5;100;1;0;true;false;32;34; ; ; ; ; ; ;
34;Nidoking;Nidoking;Pokémon perceur;Poison;Ground;Poison Point;Rivalry;Sheer Force; ;1.4;62.0;100;1;0;true;false;33; ; ; ; ; ; ; ;
35;Mélofée;Clefairy;Pokémon fée;Fairy; ;Cute Charm;Magic Guard;Friend Guard; ;0.6;7.5;24.6;1;0;true;false;173;36; ; ; ; ; ; ;
36;Mélodelfe;Clefable;Pokémon fée;Fairy; ;Cute Charm;Magic Guard;Unaware; ;1.3;40.0;24.6;1;0;true;false;35; ; ; ; ; ; ; ;
37;Goupix;Vulpix;Pokémon renard;Fire; ;Flash Fire;Drought; ; ;0.6;9.9;24.6;1;0;true;false; ;38; ; ; ; ; ; ;
38;Feunard;Ninetales;Pokémon renard;Fire; ;Flash Fire;Drought; ; ;1.1;19.9;24.6;1;0;true;false;37; ; ; ; ; ; ; ;
39;Rondoudou;Jigglypuff;Pokémon bouboule;Normal;Fairy;Cute Charm;Competitive;Friend Guard; ;0.5;5.5;24.6;1;0;true;false;174;40; ; ; ; ; ; ;
40;Grodoudou;Wigglytuff;Pokémon bouboule;Normal;Fairy;Cute Charm;Competitive;Frisk; ;1.0;12.0;24.6;1;0;true;false;39; ; ; ; ; ; ; ;
41;Nosferapti;Zubat;Pokémon chovsouris;Poison;Flying;Inner Focus;Infiltrator; ; ;0.8;7.5;50;1;0;true;false; ;42; ; ; ; ; ; ;
42;Nosferalto;Golbat;Pokémon chovsouris;Poison;Flying;Inner Focus;Infiltrator; ; ;1.6;55.0;50;1;0;true;false;41;169; ; ; ; ; ; ;
43;Mystherbe;Oddish;Pokémon racine;Grass;Poison;Chlorophyll;Run Away; ; ;0.5;5.4;50;1;0;true;false; ;44; ; ; ; ; ; ;
44;Ortide;Gloom;Pokémon racine;Grass;Poison;Chlorophyll;Stench; ; ;0.8;8.6;50;1;0;true;false;43;45;182; ; ; ; ; ;
45;Rafflesia;Vileplume;Pokémon fleur;Grass;Poison;Chlorophyll;Effect Spore; ; ;1.2;18.6;50;1;0;true;false;44; ; ; ; ; ; ; ;
46;Paras;Paras;Pokémon champignon;Bug;Grass;Effect Spore;Dry Skin;Damp; ;0.3;5.4;50;1;0;true;false; ;47; ; ; ; ; ; ;
47;Parasect;Parasect;Pokémon champignon;Bug;Grass;Effect Spore;Dry Skin;Damp; ;1.0;29.5;50;1;0;true;false;46; ; ; ; ; ; ; ;
48;Mimitoss;Venonat;Pokémon vermine;Bug;Poison;Compound Eyes;Tinted Lens;Run Away; ;1.0;30.0;50;1;0;true;false; ;49; ; ; ; ; ; ;
49;Aéromite;Venomoth;Pokémon papipoison;Bug;Poison;Shield Dust;Tinted Lens;Wonder Skin; ;1.5;12.5;50;1;0;true;false;48; ; ; ; ; ; ; ;
50;Taupiqueur;Diglett;Pokémon taupe;Ground; ;Sand Veil;Arena Trap;Sand Force; ;0.2;0.8;50;1;0;true;false; ;51; ; ; ; ; ; ;
51;Triopikeur;Dugtrio;Pokémon taupe;Ground; ;Sand Veil;Arena Trap;Sand Force; ;0.7;33.3;50;1;0;true;false;50; ; ; ; ; ; ; ;
52;Miaouss;Meowth;Pokémon chadégout;Normal; ;Pickup;Technician;Unnerve; ;0.4;4.2;50;1;0;true;false; ;53; ; ; ; ; ; ;
53;Persian;Persian;Pokémon chadeville;Normal; ;Limber;Technician;Unnerve; ;1;32;50;1;0;true;false;52; ; ; ; ; ; ; ;
54;Psykokwak;Psyduck;Pokémon canard;Water; ;Damp;Cloud Nine;Swift Swim; ;0.8;19.6;50;1;0;true;false; ;55; ; ; ; ; ; ;
55;Akwakwak;Golduck;Pokémon canard;Water; ;Damp;Cloud Nine;Swift Swim; ;1.7;76.6;50;1;0;true;false;54; ; ; ; ; ; ; ;
56;Férosinge;Mankey;Pokémon porsinge;Fighting; ;Vital Spirit;Anger Point;Defiant; ;0.5;28.0;50;1;0;true;false; ;57; ; ; ; ; ; ;
57;Colossinge;Primeape;Pokémon porsinge;Fighting; ;Vital Spirit;Anger Point;Defiant; ;1.0;32.0;50;1;0;true;false;56; ; ; ; ; ; ; ;
58;Caninos;Growlithe;Pokémon chiot;Fire; ;Intimidate;Flash Fire;Justified; ;0.7;19.0;75.4;1;0;true;false; ;59; ; ; ; ; ; ;
59;Arcanin;Arcanine;Pokémon légendaire;Fire; ;Intimidate;Flash Fire;Justified; ;1.9;155.0;75.4;1;0;true;false;58; ; ; ; ; ; ; ;
60;Ptitard;Poliwag;Pokémon têtard;Water; ;Water Absorb;Damp;Swift Swim; ;0.6;12.4;50;1;0;true;false; ;61; ; ; ; ; ; ;
61;Têtarte;Poliwhirl;Pokémon têtard;Water; ;Water Absorb;Damp;Swift Swim; ;1.0;20.0;50;1;0;true;false;60;62;186; ; ; ; ; ;
62;Tartard;Poliwrath;Pokémon têtard;Water;Fighting;Water Absorb;Damp;Swift Swim; ;1.3;54.0;50;1;0;true;false;61; ; ; ; ; ; ; ;
63;Abra;Abra;Pokémon psy;Psychic; ;Synchronize;Inner Focus;Magic Guard; ;0.9;19.5;75.4;1;0;true;false; ;64; ; ; ; ; ; ;
64;Kadabra;Kadabra;Pokémon psy;Psychic; ;Synchronize;Inner Focus;Magic Guard; ;1.3;56.5;75.4;1;0;true;false;63;65; ; ; ; ; ; ;
65;Alakazam;Alakazam;Pokémon psy;Psychic; ;Synchronize;Inner Focus;Magic Guard; ;1.5;48.0;75.4;1;0;true;true;64; ; ; ; ; ; ; ;
66;Machoc;Machop;Pokémon colosse;Fighting; ;Guts;No Guard;Steadfast; ;0.8;19.5;75.4;1;0;true;false; ;67; ; ; ; ; ; ;
67;Machopeur;Machoke;Pokémon colosse;Fighting; ;Guts;No Guard;Steadfast; ;1.5;70.5;75.4;1;0;true;false;66;68; ; ; ; ; ; ;
68;Mackogneur;Machamp;Pokémon colosse;Fighting; ;Guts;No Guard;Steadfast; ;1.6;130.0;75.4;1;0;true;false;67; ; ; ; ; ; ; ;
69;Chétiflor;Bellsprout;Pokémon fleur;Grass;Poison;Chlorophyll;Gluttony; ; ;0.7;4.0;50;1;0;true;false; ;70; ; ; ; ; ; ;
70;Boustiflor;Weepinbell;Pokémon carnivore;Grass;Poison;Chlorophyll;Gluttony; ; ;1.0;6.4;50;1;0;true;false;69;71; ; ; ; ; ; ;
71;Empiflor;Victreebel;Pokémon carnivore;Grass;Poison;Chlorophyll;Gluttony; ; ;1.7;15.5;50;1;0;true;false;70; ; ; ; ; ; ; ;
72;Tentacool;Tentacool;Pokémon mollusque;Water;Poison;Clear Body;Liquid Ooze;Rain Dish; ;0.9;45.5;50;1;0;true;false; ;73; ; ; ; ; ; ;
73;Tentacruel;Tentacruel;Pokémon mollusque;Water;Poison;Clear Body;Liquid Ooze;Rain Dish; ;1.6;55.0;50;1;0;true;false;72; ; ; ; ; ; ; ;
74;Racaillou;Geodude;Pokémon roche;Rock;Ground;Rock Head;Sturdy;Sand Veil; ;0.4;20;50;1;0;true;false; ;75; ; ; ; ; ; ;
75;Gravalanch;Graveler;Pokémon roche;Rock;Ground;Rock Head;Sturdy;Sand Veil; ;1;105;50;1;0;true;false;74;76; ; ; ; ; ; ;
76;Grolem;Golem;Pokémon titanesque;Rock;Ground;Rock Head;Sturdy;Sand Veil; ;1.4;300;50;1;0;true;false;75; ; ; ; ; ; ; ;
77;Ponyta;Ponyta;Pokémon cheval feu;Fire; ;Run Away;Flash Fire;Flame Body; ;1.0;30.0;50;1;0;true;false; ;78; ; ; ; ; ; ;
78;Galopa;Rapidash;Pokémon cheval feu;Fire; ;Run Away;Flash Fire;Flame Body; ;1.7;95.0;50;1;0;true;false;77; ; ; ; ; ; ; ;
79;Ramoloss;Slowpoke;Pokémon crétin;Water;Psychic;Oblivious;Own Tempo;Regenerator; ;1.2;36.0;50;1;0;true;false; ;80;199; ; ; ; ; ;
80;Flagadoss;Slowbro;Pokémon symbiose;Water;Psychic;Oblivious;Own Tempo;Regenerator; ;1.6;78.5;50;1;0;true;true;79; ; ; ; ; ; ; ;
81;Magnéti;Magnemite;Pokémon magnétique;Electric;Steel;Magnet Pull;Sturdy;Analytic; ;0.3;6.0; ;1;0;true;false; ;82; ; ; ; ; ; ;
82;Magnéton;Magneton;Pokémon magnétique;Electric;Steel;Magnet Pull;Sturdy;Analytic; ;1.0;60.0; ;1;0;true;false;81;462; ; ; ; ; ; ;
83;Canarticho;Farfetch'd;Pokémon canard fou;Normal;Flying;Keen Eye;Inner Focus;Defiant; ;0.8;15.0;50;1;0;true;false; ; ; ; ; ; ; ; ;
84;Doduo;Doduo;Pokémon duoiseau;Normal;Flying;Run Away;Early Bird;Tangled Feet; ;1.4;39.2;50;1;0;true;false; ;85; ; ; ; ; ; ;
85;Dodrio;Dodrio;Pokémon trioiseau;Normal;Flying;Run Away;Early Bird;Tangled Feet; ;1.8;85.2;50;1;0;true;false;84; ; ; ; ; ; ; ;
86;Otaria;Seel;Pokémon otarie;Water; ;Thick Fat;Hydration;Ice Body; ;1.1;90.0;50;1;0;true;false; ;87; ; ; ; ; ; ;
87;Lamantine;Dewgong;Pokémon otarie;Water;Ice;Thick Fat;Hydration;Ice Body; ;1.7;120.0;50;1;0;true;false;86; ; ; ; ; ; ; ;
88;Tadmorv;Grimer;Pokémon dégueu;Poison; ;Stench;Sticky Hold;Poison Touch;Poison Touch;0.9;30;50;1;0;true;false; ;89; ; ; ; ; ; ;
89;Grotadmorv;Muk;Pokémon dégueu;Poison; ;Stench;Sticky Hold;Poison Touch;Poison Touch;1.2;30;50;1;0;true;false;88; ; ; ; ; ; ; ;
90;Kokiyas;Shellder;Pokémon bivalve;Water; ;Shell Armor;Skill Link;Overcoat; ;0.3;4.0;50;1;0;true;false; ;91; ; ; ; ; ; ;
91;Crustabri;Cloyster;Pokémon bivalve;Water;Ice;Shell Armor;Skill Link;Overcoat; ;1.5;132.5;50;1;0;true;false;90; ; ; ; ; ; ; ;
92;Fantominus;Gastly;Pokémon gaz;Ghost;Poison;Levitate; ; ; ;1.3;0.1;50;1;0;true;false; ;93; ; ; ; ; ; ;
93;Spectrum;Haunter;Pokémon gaz;Ghost;Poison;Levitate; ; ; ;1.6;0.1;50;1;0;true;false;92;94; ; ; ; ; ; ;
94;Ectoplasma;Gengar;Pokémon ombre;Ghost;Poison;Cursed Body; ; ; ;1.5;40.5;50;1;0;true;true;93; ; ; ; ; ; ; ;
95;Onix;Onix;Pokémon serpenroc;Rock;Ground;Rock Head;Sturdy;Weak Armor; ;8.8;210.0;50;1;0;true;false; ;208; ; ; ; ; ; ;
96;Soporifik;Drowzee;Pokémon hypnose;Psychic; ;Insomnia;Forewarn;Inner Focus; ;1.0;32.4;50;1;0;true;false; ;97; ; ; ; ; ; ;
97;Hypnomade;Hypno;Pokémon hypnose;Psychic; ;Insomnia;Forewarn;Inner Focus; ;1.6;75.6;50;1;0;true;false;96; ; ; ; ; ; ; ;
98;Krabby;Krabby;Pokémon doux crabe;Water; ;Hyper Cutter;Shell Armor;Sheer Force; ;0.4;6.5;50;1;0;true;false; ;99; ; ; ; ; ; ;
99;Krabboss;Kingler;Pokémon pince;Water; ;Hyper Cutter;Shell Armor;Sheer Force; ;1.3;60.0;50;1;0;true;false;98; ; ; ; ; ; ; ;
100;Voltorbe;Voltorb;Pokémon balle;Electric; ;Soundproof;Static;Aftermath; ;0.5;10.4; ;1;0;true;false; ;101; ; ; ; ; ; ;
101;Électrode;Electrode;Pokémon balle;Electric; ;Soundproof;Static;Aftermath; ;1.2;66.6; ;1;0;true;false;100; ; ; ; ; ; ; ;
102;Noeunoeuf;Exeggcute;Pokémon oeuf;Grass;Psychic;Chlorophyll;Harvest; ; ;0.4;2.5;50;1;0;true;false; ;103; ; ; ; ; ; ;
103;Noadkoko;Exeggutor;Pokémon fruitpalme;Grass;Psychic;Chlorophyll;Harvest; ; ;2;120;50;1;0;true;false;102; ; ; ; ; ; ; ;
104;Osselait;Cubone;Pokémon solitaire;Ground; ;Rock Head;Lightning Rod;Battle Armor; ;0.4;6.5;50;1;0;true;false; ;105; ; ; ; ; ; ;
105;Ossatueur;Marowak;Pokémon gard'os;Ground; ;Rock Head;Lightning Rod;Battle Armor; ;1;45;50;1;0;true;false;104; ; ; ; ; ; ; ;
106;Kicklee;Hitmonlee;Pokémon latteur;Fighting; ;Limber;Reckless;Unburden; ;1.5;49.8;100;1;0;true;false;236; ; ; ; ; ; ; ;
107;Tygnon;Hitmonchan;Pokémon puncheur;Fighting; ;Keen Eye;Iron Fist;Inner Focus; ;1.4;50.2;100;1;0;true;false;236; ; ; ; ; ; ; ;
108;Excelangue;Lickitung;Pokémon lécheur;Normal; ;Own Tempo;Oblivious;Cloud Nine; ;1.2;65.5;50;1;0;true;false; ;463; ; ; ; ; ; ;
109;Smogo;Koffing;Pokémon gaz mortel;Poison; ;Levitate; ; ; ;0.6;1.0;50;1;0;true;false; ;110; ; ; ; ; ; ;
110;Smogogo;Weezing;Pokémon gaz mortel;Poison; ;Levitate; ; ; ;1.2;9.5;50;1;0;true;false;109; ; ; ; ; ; ; ;
111;Rhinocorne;Rhyhorn;Pokémon piquant;Ground;Rock;Lightning Rod;Rock Head;Reckless; ;1.0;115.0;50;1;0;true;false;ULL;112; ; ; ; ; ; ;
112;Rhinoféros;Rhydon;Pokémon perceur;Ground;Rock;Lightning Rod;Rock Head;Reckless; ;1.9;120.0;50;1;0;true;false;111;464; ; ; ; ; ; ;
113;Leveinard;Chansey;Pokémon oeuf;Normal; ;Natural Cure;Serene Grace;Healer; ;1.1;34.6;0;1;0;true;false;440;242; ; ; ; ; ; ;
114;Saquedeneu;Tangela;Pokémon vigne;Grass; ;Chlorophyll;Leaf Guard;Regenerator; ;1.0;35.0;50;1;0;true;false; ;465; ; ; ; ; ; ;
115;Kangourex;Kangaskhan;Pokémon maternel;Normal; ;Early Bird;Scrappy;Inner Focus; ;2.2;80.0;0;1;0;true;true; ; ; ; ; ; ; ; ;
116;Hypotrempe;Horsea;Pokémon dragon;Water; ;Swift Swim;Sniper;Damp; ;0.4;8.0;50;1;0;true;false; ;117; ; ; ; ; ; ;
117;Hypocéan;Seadra;Pokémon dragon;Water; ;Poison Point;Sniper;Damp; ;1.2;25.0;50;1;0;true;false;116;230; ; ; ; ; ; ;
118;Poissirène;Goldeen;Pokémon poisson;Water; ;Swift Swim;Water Veil;Lightning Rod; ;0.6;15.0;50;1;0;true;false; ;119; ; ; ; ; ; ;
119;Poissoroy;Seaking;Pokémon poisson;Water; ;Swift Swim;Water Veil;Lightning Rod; ;1.3;39.0;50;1;0;true;false;118; ; ; ; ; ; ; ;
120;Stari;Staryu;Pokémon étoile;Water; ;Illuminate;Natural Cure;Analytic; ;0.8;34.5; ;1;0;true;false; ;121; ; ; ; ; ; ;
121;Staross;Starmie;Pokémon mystérieux;Water;Psychic;Illuminate;Natural Cure;Analytic; ;1.1;80.0; ;1;0;true;false;120; ; ; ; ; ; ; ;
122;M. Mime;Mr. Mime;Pokémon bloqueur;Psychic;Fairy;Soundproof;Filter;Technician; ;1.3;54.5;50;1;0;true;false;439;; ; ; ; ; ; ;
123;Insécateur;Scyther;Pokémon mante;Bug;Flying;Swarm;Technician;Steadfast; ;1.5;56.0;50;1;0;true;false; ;212; ; ; ; ; ; ;
124;Lippoutou;Jynx;Pokémon humanoïde;Ice;Psychic;Oblivious;Forewarn;Dry Skin; ;1.4;40.6;0;1;0;true;false;238; ; ; ; ; ; ; ;
125;Élektek;Electabuzz;Pokémon électrique;Electric; ;Static;Vital Spirit; ; ;1.1;30.0;75.4;1;0;true;false;239;466; ; ; ; ; ; ;
126;Magmar;Magmar;Pokémon carche-feu;Fire; ;Flame Body;Vital Spirit; ; ;1.3;44.5;75.4;1;0;true;false;240;467; ; ; ; ; ; ;
127;Scarabrute;Pinsir;Pokémon scarabée;Bug; ;Hyper Cutter;Mold Breaker;Moxie; ;1.5;55.0;50;1;0;true;true; ; ; ; ; ; ; ; ;
128;Tauros;Tauros;Pokémon buffle;Normal; ;Intimidate;Anger Point;Sheer Force; ;1.4;88.4;100;1;0;true;false; ; ; ; ; ; ; ; ;
129;Magicarpe;Magikarp;Pokémon poisson;Water; ;Swift Swim;Rattled; ; ;0.9;10.0;50;1;0;true;false; ;130; ; ; ; ; ; ;
130;Léviator;Gyarados;Pokémon terrifiant;Water;Flying;Intimidate;Moxie; ; ;6.5;235.0;50;1;0;true;true;129; ; ; ; ; ; ; ;
131;Lokhlass;Lapras;Pokémon transport;Water;Ice;Water Absorb;Shell Armor;Hydration; ;2.5;220.0;50;1;0;true;false; ; ; ; ; ; ; ; ;
132;Métamorph;Ditto;Pokémon morphing;Normal; ;Limber;Imposter; ; ;0.3;4.0; ;1;0;true;false; ; ; ; ; ; ; ; ;
133;Évoli;Eevee;Pokémon évolutif;Normal; ;Run Away;Adaptability;Anticipation; ;0.3;6.5;88.1;1;0;true;false; ;134;135;136;196;197;470;471;700
134;Aquali;Vaporeon;Pokémon bulleur;Water; ;Water Absorb;Hydration; ; ;1.0;29.0;88.1;1;0;true;false;133; ; ; ; ; ; ; ;
135;Voltali;Jolteon;Pokémon orage;Electric; ;Volt Absorb;Quick Feet; ; ;0.8;24.5;88.1;1;0;true;false;133; ; ; ; ; ; ; ;
136;Pyroli;Flareon;Pokémon flamme;Fire; ;Flash Fire;Guts; ; ;0.9;25.0;88.1;1;0;true;false;133; ; ; ; ; ; ; ;
137;Porygon;Porygon;Pokémon virtuel;Normal; ;Trace;Download;Analytic; ;0.8;36.5; ;1;0;true;false; ;233; ; ; ; ; ; ;
138;Amonita;Omanyte;Pokémon spirale;Rock;Water;Swift Swim;Shell Armor;Weak Armor; ;0.4;7.5;88.1;1;0;true;false; ;138; ; ; ; ; ; ;
139;Amonistar;Omastar;Pokémon spirale;Rock;Water;Swift Swim;Shell Armor;Weak Armor; ;1.0;35.0;88.1;1;0;true;false;137; ; ; ; ; ; ; ;
140;Kabuto;Kabuto;Pokémon carapace;Rock;Water;Swift Swim;Battle Armor;Weak Armor; ;0.5;11.5;88.1;1;0;true;false; ;141; ; ; ; ; ; ;
141;Kabutops;Kabutops;Pokémon carapace;Rock;Water;Swift Swim;Battle Armor;Weak Armor; ;1.3;40.5;88.1;1;0;true;false;140; ; ; ; ; ; ; ;
142;Ptéra;Aerodactyl;Pokémon fossile;Rock;Flying;Rock Head;Pressure;Unnerve; ;1.8;59.0;88.1;1;0;true;true; ; ; ; ; ; ; ; ;
143;Ronflex;Snorlax;Pokémon pionceur;Normal; ;Immunity;Thick Fat;Gluttony; ;2.1;460.0;88.1;1;0;true;false;447; ; ; ; ; ; ; ;
144;Artikodin;Articuno;Pokémon glaciaire;Ice;Flying;Pressure;Snow Cloak; ; ;1.7;55.4; ;1;1;true;false; ; ; ; ; ; ; ; ;
145;Électhor;Zapdos;Pokémon électrique;Electric;Flying;Pressure;Static; ; ;1.6;52.6; ;1;1;true;false; ; ; ; ; ; ; ; ;
146;Sulfura;Moltres;Pokémon flamme;Fire;Flying;Pressure;Flame Body; ; ;2.0;60.0; ;1;1;true;false; ; ; ; ; ; ; ; ;
147;Minidraco;Dratini;Pokémon dragon;Dragon; ;Shed Skin;Marvel Scale; ; ;1.8;3.3;50;1;0;true;false; ;148; ; ; ; ; ; ;
148;Draco;Dragonair;Pokémon dragon;Dragon; ;Shed Skin;Marvel Scale; ; ;4.0;16.5;50;1;0;true;false;147;149; ; ; ; ; ; ;
149;Dracolosse;Dragonite;Pokémon dragon;Dragon;Flying;Inner Focus;Multiscale; ; ;2.2;210.0;50;1;0;true;false;148; ; ; ; ; ; ; ;
150;Mewtwo;Mewtwo;Pokémon génétique;Psychic; ;Pressure;Unnerve; ; ;2.0;122.0; ;1;2;true;true; ; ; ; ; ; ; ; ;
151;Mew;Mew;Pokémon nouveau;Psychic; ;Synchronize; ; ; ;0.4;4.0; ;1;1;true;false; ; ; ; ; ; ; ; ;
152;Germignon;Chikorita;Pokémon feuille;Grass; ;Overgrow;Leaf Guard; ; ;0.9;6.4;88.1;2;0;true;false; ;153; ; ; ; ; ; ;
153;Macronium;Bayleef;Pokémon feuille;Grass; ;Overgrow;Leaf Guard; ; ;1.2;15.8;88.1;2;0;true;false;152;154; ; ; ; ; ; ;
154;Méganium;Meganium;Pokémon herbe;Grass; ;Overgrow;Leaf Guard; ; ;1.8;100.5;88.1;2;0;true;false;155; ; ; ; ; ; ; ;
155;Héricendre;Cyndaquil;Pokémon souris feu;Fire; ;Blaze;Flash Fire; ; ;0.5;7.9;88.1;2;0;true;false; ;156; ; ; ; ; ; ;
156;Feurisson;Quilava;Pokémon volcan;Fire; ;Blaze;Flash Fire; ; ;0.9;19.0;88.1;2;0;true;false;155;157; ; ; ; ; ; ;
157;Typhlosion;Typhlosion;Pokémon volcan;Fire; ;Blaze;Flash Fire; ; ;1.7;79.5;88.1;2;0;true;false;156; ; ; ; ; ; ; ;
158;Kaiminus;Totodile;Pokémon mâchoire;Water; ;Torrent;Sheer Force; ; ;0.6;9.5;88.1;2;0;true;false; ;159; ; ; ; ; ; ;
159;Crocrodil;Croconaw;Pokémon mâchoire;Water; ;Torrent;Sheer Force; ; ;1.1;25.0;88.1;2;0;true;false;158;160; ; ; ; ; ; ;
160;Aligatueur;Feraligatr;Pokémon mâchoire;Water; ;Torrent;Sheer Force; ; ;2.3;88.8;88.1;2;0;true;false;159; ; ; ; ; ; ; ;
161;Fouinette;Sentret;Pokémon espion;Normal; ;Run Away;Keen Eye;Frisk; ;0.8;6.0;50;2;0;true;false; ;162; ; ; ; ; ; ;
162;Fouinar;Furret;Pokémon allongé;Normal; ;Run Away;Keen Eye;Frisk; ;1.8;32.5;50;2;0;true;false;161; ; ; ; ; ; ; ;
163;Hoothoot;Hoothoot;Pokémon hibou;Normal;Flying;Insomnia;Keen Eye;Tinted Lens; ;0.7;21.2;50;2;0;true;false; ;164; ; ; ; ; ; ;
164;Noarfang;Noctowl;Pokémon hibou;Normal;Flying;Insomnia;Keen Eye;Tinted Lens; ;1.6;40.8;50;2;0;true;false;163; ; ; ; ; ; ; ;
165;Coxy;Ledyba;Pokémon 5 étoiles;Bug;Flying;Swarm;Early Bird;Rattled; ;1.0;10.8;50;2;0;true;false; ;166; ; ; ; ; ; ;
166;Coxyclaque;Ledian;Pokémon 5 étoiles;Bug;Flying;Swarm;Early Bird;Iron Fist; ;1.4;35.6;50;2;0;true;false;165; ; ; ; ; ; ; ;
167;Mimigal;Spinarak;Pokémon crache fil;Bug;Poison;Swarm;Insomnia;Sniper; ;0.5;8.5;50;2;0;true;false; ;168; ; ; ; ; ; ;
168;Migalos;Ariados;Pokémon long-patte;Bug;Poison;Swarm;Insomnia;Sniper; ;1.1;33.5;50;2;0;true;false;167; ; ; ; ; ; ; ;
169;Nostenfer;Crobat;Pokémon chovsouris;Poison;Flying;Inner Focus;Infiltrator; ; ;1.8;75.0;50;2;0;true;false;42; ; ; ; ; ; ; ;
170;Loupio;Chinchou;Pokémon poisson;Water;Electric;Volt Absorb;Illuminate;Water Absorb; ;0.5;12.0;50;2;0;true;false; ;171; ; ; ; ; ; ;
171;Lanturn;Lanturn;Pokémon lumière;Water;Electric;Volt Absorb;Illuminate;Water Absorb; ;1.2;22.5;50;2;0;true;false;170; ; ; ; ; ; ; ;
172;Pichu;Pichu;Pokémon minisouris;Electric; ;Static;Lightning Rod; ; ;0.3;2.0;50;2;0;true;false; ;25; ; ; ; ; ; ;
173;Mélo;Cleffa;Pokémon étoile;Fairy; ;Cute Charm;Magic Guard;Friend Guard; ;0.3;3.0;24.6;2;0;true;false; ;35; ; ; ; ; ; ;
174;Toudoudou;Igglybuff;Pokémon bouboule;Normal;Fairy;Cute Charm;Competitive;Friend Guard; ;0.3;1.0;24.6;2;0;true;false; ;39; ; ; ; ; ; ;
175;Togepi;Togepi;Pokémon balle pic;Fairy; ;Hustle;Serene Grace;Super Luck; ;0.3;1.5;88.1;2;0;true;false; ;176; ; ; ; ; ; ;
176;Togetic;Togetic;Pokémon bonheur;Fairy;Flying;Hustle;Serene Grace;Super Luck; ;0.6;3.2;88.1;2;0;true;false;175;468; ; ; ; ; ; ;
177;Natu;Natu;Pokémon minoiseau;Psychic;Flying;Synchronize;Early Bird;Magic Bounce; ;0.2;2.0;50;2;0;true;false; ;178; ; ; ; ; ; ;
178;Xatu;Xatu;Pokémon mystique;Psychic;Flying;Synchronize;Early Bird;Magic Bounce; ;1.5;15.0;50;2;0;true;false;177; ; ; ; ; ; ; ;
179;Wattouat;Mareep;Pokémon laine;Electric; ;Static;Plus; ; ;0.6;7.8;50;2;0;true;false; ;180; ; ; ; ; ; ;
180;Lainergie;Flaaffy;Pokémon laine;Electric; ;Static;Plus; ; ;0.8;13.3;50;2;0;true;false;179;181; ; ; ; ; ; ;
181;Pharamp;Ampharos;Pokémon lumière;Electric; ;Static;Plus; ; ;1.4;61.5;50;2;0;true;true;180; ; ; ; ; ; ; ;
182;Joliflor;Bellossom;Pokémon fleur;Grass; ;Chlorophyll;Healer; ; ;0.4;5.8;50;2;0;true;false;44; ; ; ; ; ; ; ;
183;Marill;Marill;Pokémon aquasouris;Water;Fairy;Thick Fat;Huge Power;Sap Sipper; ;0.4;8.5;50;2;0;true;false;298;184; ; ; ; ; ; ;
184;Azumarill;Azumarill;Pokémon aqualapin;Water;Fairy;Thick Fat;Huge Power;Sap Sipper; ;0.8;28.5;50;2;0;true;false;183; ; ; ; ; ; ; ;
185;Simularbre;Sudowoodo;Pokémon imitation;Rock; ;Sturdy;Rock Head;Rattled; ;1.2;38.0;50;2;0;true;false;438; ; ; ; ; ; ; ;
186;Tarpaud;Politoed;Pokémon grenouille;Water; ;Water Absorb;Damp;Drizzle; ;1.1;33.9;50;2;0;true;false;61; ; ; ; ; ; ; ;
187;Granivol;Hoppip;Pokémon pissenlit;Grass;Flying;Chlorophyll;Leaf Guard;Infiltrator; ;0.4;0.5;50;2;0;true;false; ;188; ; ; ; ; ; ;
188;Floravol;Skiploom;Pokémon pissenlit;Grass;Flying;Chlorophyll;Leaf Guard;Infiltrator; ;0.6;1.0;50;2;0;true;false;187;189; ; ; ; ; ; ;
189;Cotovol;Jumpluff;Pokémon pissenlit;Grass;Flying;Chlorophyll;Leaf Guard;Infiltrator; ;0.8;3.0;50;2;0;true;false;188; ; ; ; ; ; ; ;
190;Capumain;Aipom;Pokémon longqueue;Normal; ;Run Away;Pickup;Skill Link; ;0.8;11.5;50;2;0;true;false; ;424; ; ; ; ; ; ;
191;Tournegrin;Sunkern;Pokémon graine;Grass; ;Chlorophyll;Solar Power;Early Bird; ;0.3;1.8;50;2;0;true;false; ;192; ; ; ; ; ; ;
192;Héliatronc;Sunflora;Pokémon soleil;Grass; ;Chlorophyll;Solar Power;Early Bird; ;0.8;8.5;50;2;0;true;false;191; ; ; ; ; ; ; ;
193;Yanma;Yanma;Pokémon translaile;Bug;Flying;Speed Boost;Compound Eyes;Frisk; ;1.2;38.0;50;2;0;true;false; ;469; ; ; ; ; ; ;
194;Axoloto;Wooper;Pokémon poisson;Water;Ground;Damp;Water Absorb;Unaware; ;0.4;8.5;50;2;0;true;false; ;195; ; ; ; ; ; ;
195;Maraiste;Quagsire;Pokémon poisson;Water;Ground;Damp;Water Absorb;Unaware; ;1.4;75.0;50;2;0;true;false;194; ; ; ; ; ; ; ;
196;Mentali;Espeon;Pokémon soleil;Psychic; ;Synchronize;Magic Bounce; ; ;0.9;26.5;88.1;2;0;true;false;133; ; ; ; ; ; ; ;
197;Noctali;Umbreon;Pokémon lune;Dark; ;Synchronize;Inner Focus; ; ;1.0;27.0;88.1;2;0;true;false;133; ; ; ; ; ; ; ;
198;Cornèbre;Murkrow;Pokémon obscurité;Dark;Flying;Insomnia;Super Luck;Prankster; ;0.5;2.1;50;2;0;true;false; ;430; ; ; ; ; ; ;
199;Roigada;Slowking;Pokémon royal;Water;Psychic;Oblivious;Own Tempo;Regenerator; ;2.0;79.5;50;2;0;true;false;79; ; ; ; ; ; ; ;
200;Feuforêve;Misdreavus;Pokémon strident;Ghost; ;Levitate; ; ; ;0.7;1.0;50;2;0;true;false; ;429; ; ; ; ; ; ;
201;Zarbi;Unown;Pokémon symbolique;Psychic; ;Levitate; ; ; ;0.5;5.0; ;2;0;true;false; ; ; ; ; ; ; ; ;
202;Qulbutoké;Wobbuffet;Pokémon patient;Psychic; ;Shadow Tag;Telepathy; ; ;1.3;28.5;50;2;0;true;false;360; ; ; ; ; ; ; ;
203;Girafarig;Girafarig;Pokémon long-cou;Normal;Psychic;Inner Focus;Early Bird;Sap Sipper; ;1.5;41.5;50;2;0;true;false; ; ; ; ; ; ; ; ;
204;Pomdepik;Pineco;Pokémon ver caché;Bug; ;Sturdy;Overcoat; ; ;0.6;7.2;50;2;0;true;false; ;205; ; ; ; ; ; ;
205;Foretress;Forretress;Pokémon ver caché;Bug;Steel;Sturdy;Overcoat; ; ;1.2;125.8;50;2;0;true;false;204; ; ; ; ; ; ; ;
206;Insolourdo;Dunsparce;Pokémon serpent;Normal; ;Serene Grace;Run Away;Rattled; ;1.5;14.0;50;2;0;true;false; ; ; ; ; ; ; ; ;
207;Scorplane;Gligar;Pokémon scorpivol;Ground;Flying;Hyper Cutter;Sand Veil;Immunity; ;1.1;64.8;50;2;0;true;false; ;472; ; ; ; ; ; ;
208;Steelix;Steelix;Pokémon serpenfer;Steel;Ground;Rock Head;Sturdy;Sheer Force; ;9.2;400.0;50;2;0;true;true;95; ; ; ; ; ; ; ;
209;Snubbull;Snubbull;Pokémon fée;Fairy; ;Intimidate;Run Away;Rattled; ;0.6;7.8;24.6;2;0;true;false; ;210; ; ; ; ; ; ;
210;Granbull;Granbull;Pokémon fée;Fairy; ;Intimidate;Quick Feet;Rattled; ;1.4;48.7;24.6;2;0;true;false;209; ; ; ; ; ; ; ;
211;Qwilfish;Qwilfish;Pokémon bouboule;Water;Poison;Poison Point;Swift Swim;Intimidate; ;0.5;3.9;50;2;0;true;false; ; ; ; ; ; ; ; ;
212;Cizayox;Scizor;Pokémon pince;Bug;Steel;Swarm;Technician;Light Metal; ;1.8;118.0;50;2;0;true;true;123; ; ; ; ; ; ; ;
213;Caratroc;Shuckle;Pokémon pourri;Bug;Rock;Sturdy;Gluttony;Contrary; ;0.6;20.5;50;2;0;true;false; ; ; ; ; ; ; ; ;
214;Scarhino;Heracross;Pokémon unicorne;Bug;Fighting;Swarm;Guts;Moxie; ;1.5;54.0;50;2;0;true;true; ; ; ; ; ; ; ; ;
215;Farfuret;Sneasel;Pokémon grifacérée;Dark;Ice;Inner Focus;Keen Eye;Pickpocket; ;0.9;28.0;50;2;0;true;false; ;461; ; ; ; ; ; ;
216;Teddiursa;Teddiursa;Pokémon mini ours;Normal; ;Pickup;Quick Feet;Honey Gather; ;0.6;8.8;50;2;0;true;false; ;217; ; ; ; ; ; ;
217;Ursaring;Ursaring;Pokémon hibernant;Normal; ;Guts;Quick Feet;Unnerve; ;1.8;125.8;50;2;0;true;false;216; ; ; ; ; ; ; ;
218;Limagma;Slugma;Pokémon lave;Fire; ;Magma Armor;Flame Body;Weak Armor; ;0.7;35.0;50;2;0;true;false; ;19; ; ; ; ; ; ;
219;Volcaropod;Magcargo;Pokémon lave;Fire;Rock;Magma Armor;Flame Body;Weak Armor; ;0.8;55.0;50;2;0;true;false;218; ; ; ; ; ; ; ;
220;Marcacrin;Swinub;Pokémon cochon;Ice;Ground;Oblivious;Snow Cloak;Thick Fat; ;0.4;6.5;50;2;0;true;false; ;221; ; ; ; ; ; ;
221;Cochignon;Piloswine;Pokémon porc;Ice;Ground;Oblivious;Snow Cloak;Thick Fat; ;1.1;55.8;50;2;0;true;false;220;473; ; ; ; ; ; ;
222;Corayon;Corsola;Pokémon corail;Water;Rock;Hustle;Natural Cure;Regenerator; ;0.6;5.0;24.6;2;0;true;false; ; ; ; ; ; ; ; ;
223;Rémoraid;Remoraid;Pokémon jet;Water; ;Hustle;Sniper;Moody; ;0.6;12.0;50;2;0;true;false; ;224; ; ; ; ; ; ;
224;Octillery;Octillery;Pokémon jet;Water; ;Suction Cups;Sniper;Moody; ;0.9;28.5;50;2;0;true;false;223; ; ; ; ; ; ; ;
225;Cadoizo;Delibird;Pokémon livraison;Ice;Flying;Vital Spirit;Hustle;Insomnia; ;0.9;16.0;50;2;0;true;false; ; ; ; ; ; ; ; ;
226;Démanta;Mantine;Pokémon cervolant;Water;Flying;Swift Swim;Water Absorb;Water Veil; ;2.1;220.0;50;2;0;true;false;458; ; ; ; ; ; ; ;
227;Airmure;Skarmory;Pokémon armoiseau;Steel;Flying;Keen Eye;Sturdy;Weak Armor; ;1.7;50.5;50;2;0;true;false; ; ; ; ; ; ; ; ;
228;Malosse;Houndour;Pokémon sombre;Dark;Fire;Early Bird;Flash Fire;Unnerve; ;0.6;10.8;50;2;0;true;false; ;229; ; ; ; ; ; ;
229;Démolosse;Houndoom;Pokémon sombre;Dark;Fire;Early Bird;Flash Fire;Unnerve; ;1.4;35.0;50;2;0;true;true;228; ; ; ; ; ; ; ;
230;Hyporoi;Kingdra;Pokémon dragon;Water;Dragon;Swift Swim;Sniper;Damp; ;1.8;152.0;50;2;0;true;false;117; ; ; ; ; ; ; ;
231;Phanpy;Phanpy;Pokémon long-nez;Ground; ;Pickup;Sand Veil; ; ;0.5;33.5;50;2;0;true;false; ;232; ; ; ; ; ; ;
232;Donphan;Donphan;Pokémon armure;Ground; ;Sturdy;Sand Veil; ; ;1.1;120.0;50;2;0;true;false;231; ; ; ; ; ; ; ;
233;Porygon2;Porygon2;Pokémon virtuel;Normal; ;Trace;Download;Analytic; ;0.6;32.5; ;2;0;true;false;137;474; ; ; ; ; ; ;
234;Cerfrousse;Stantler;Pokémon maxi corne;Normal; ;Intimidate;Frisk;Sap Sipper; ;1.4;71.2;50;2;0;true;false; ; ; ; ; ; ; ; ;
235;Queulorior;Smeargle;Pokémon peintre;Normal; ;Own Tempo;Technician;Moody; ;1.2;58.0;50;2;0;true;false; ; ; ; ; ; ; ; ;
236;Debugant;Tyrogue;Pokémon bagarreur;Fighting; ;Guts;Steadfast;Vital Spirit; ;0.7;21.0;100;2;0;true;false; ;106;107; ; ; ; ; ;
237;Kapoera;Hitmontop;Pokémon poirier;Fighting; ;Intimidate;Technician;Steadfast; ;1.4;48.0;100;2;0;true;false;236; ; ; ; ; ; ; ;
238;Lippouti;Smoochum;Pokémon bisou;Ice;Psychic;Oblivious;Forewarn;Hydration; ;0.4;6.0;0;2;0;true;false; ;124; ; ; ; ; ; ;
239;Élekid;Elekid;Pokémon électrique;Electric; ;Static;Vital Spirit; ; ;0.6;23.5;75.4;2;0;true;false; ;125; ; ; ; ; ; ;
240;Magby;Magby;Pokémon charbon;Fire; ;Flame Body;Vital Spirit; ; ;0.7;21.4;75.4;2;0;true;false; ;126; ; ; ; ; ; ;
241;Écrémeuh;Miltank;Pokémon vachalait;Normal; ;Thick Fat;Scrappy;Sap Sipper; ;1.2;75.5;0;2;0;true;false; ; ; ; ; ; ; ; ;
242;Leuphorie;Blissey;Pokémon bonheur;Normal; ;Natural Cure;Serene Grace;Healer; ;1.5;46.8;0;2;0;true;false;113; ; ; ; ; ; ; ;
243;Raikou;Raikou;Pokémon foudre;Electric; ;Pressure;Inner Focus; ; ;1.9;178.0; ;2;1;true;false; ; ; ; ; ; ; ; ;
244;Entei;Entei;Pokémon volcan;Fire; ;Pressure;Inner Focus; ; ;2.1;198.0; ;2;1;true;false; ; ; ; ; ; ; ; ;
245;Suicune;Suicune;Pokémon aurore;Water; ;Pressure;Inner Focus; ; ;2.0;187.0; ;2;1;true;false; ; ; ; ; ; ; ; ;
246;Embrylex;Larvitar;Pokémon peaupierre;Rock;Ground;Guts;Sand Veil; ; ;0.6;72.0;50;2;0;true;false; ;247; ; ; ; ; ; ;
247;Ymphect;Pupitar;Pokémon carapadure;Rock;Ground;Shed Skin; ; ; ;1.2;152.0;50;2;0;true;false;246;248; ; ; ; ; ; ;
248;Tyranocif;Tyranitar;Pokémon armure;Rock;Dark;Sand Stream;Unnerve; ; ;2.0;202.0;50;2;0;true;true;247; ; ; ; ; ; ; ;
249;Lugia;Lugia;Pokémon plongeon;Psychic;Flying;Pressure;Multiscale; ; ;5.2;216.0; ;2;2;true;false; ; ; ; ; ; ; ; ;
250;Ho-Oh;Ho-Oh;Pokémon arcenciel;Fire;Flying;Pressure;Regenerator; ; ;3.8;199.0; ;2;2;true;false; ; ; ; ; ; ; ; ;
251;Celebi;Celebi;Pokémon temporel;Psychic;Grass;Natural Cure; ; ; ;0.6;5.0; ;2;1;true;false; ; ; ; ; ; ; ; ;
252;Arcko;Treecko;Pokémon bois gécko;Grass; ;Overgrow;Unburden; ; ;0.5;5.0;88.1;3;0;true;false; ;253; ; ; ; ; ; ;
253;Massko;Grovyle;Pokémon bois gécko;Grass; ;Overgrow;Unburden; ; ;0.9;21.6;88.1;3;0;true;false;252;254; ; ; ; ; ; ;
254;Jungko;Sceptile;Pokémon fotêt;Grass; ;Overgrow;Unburden; ; ;1.7;52.2;88.1;3;0;true;true;253; ; ; ; ; ; ; ;
255;Poussifeu;Torchic;Pokémon poussin;Fire; ;Blaze;Speed Boost; ; ;0.4;2.5;88.1;3;0;true;false; ;256; ; ; ; ; ; ;
256;Galifeu;Combusken;Pokémon poulet;Fire;Fighting;Blaze;Speed Boost; ; ;0.9;19.5;88.1;3;0;true;false;255;257; ; ; ; ; ; ;
257;Braségali;Blaziken;Pokémon ardent;Fire;Fighting;Blaze;Speed Boost; ; ;1.9;52.0;88.1;3;0;true;true;256; ; ; ; ; ; ; ;
258;Gobou;Mudkip;Pokémon poissonboue;Water; ;Torrent;Damp; ; ;0.4;7.6;88.1;3;0;true;false; ;259; ; ; ; ; ; ;
259;Flobio;Marshtomp;Pokémon poissonboue;Water;Ground;Torrent;Damp; ; ;0.7;28.0;88.1;3;0;true;false;258;260; ; ; ; ; ; ;
260;Laggron;Swampert;Pokémon poissonboue;Water;Ground;Torrent;Damp; ; ;1.5;81.9;88.1;3;0;true;true;259; ; ; ; ; ; ; ;
261;Medhyèna;Poochyena;Pokémon morsure;Dark; ;Run Away;Quick Feet;Rattled; ;0.5;13.6;50;3;0;true;false; ;262; ; ; ; ; ; ;
262;Grahyèna;Mightyena;Pokémon morsure;Dark; ;Intimidate;Quick Feet;Moxie; ;1.0;37.0;50;3;0;true;false;261; ; ; ; ; ; ; ;
263;Zigzaton;Zigzagoon;Pokémon petit raton;Normal; ;Pickup;Gluttony;Quick Feet; ;0.4;17.5;50;3;0;true;false; ;264; ; ; ; ; ; ;
264;Linéon;Linoone;Pokémon fonceur;Normal; ;Pickup;Gluttony;Quick Feet; ;0.5;32.5;50;3;0;true;false;263; ; ; ; ; ; ; ;
265;Chenipotte;Wurmple;Pokémon ver;Bug; ;Shield Dust;Run Away; ; ;0.3;3.6;50;3;0;true;false; ;266;268; ; ; ; ; ;
266;Armulys;Silcoon;Pokémon cocon;Bug; ;Shed Skin; ; ; ;0.6;10.0;50;3;0;true;false;265;267; ; ; ; ; ; ;
267;Charmillon;Beautifly;Pokémon papillon;Bug;Flying;Swarm;Rivalry; ; ;1.0;28.4;50;3;0;true;false;266; ; ; ; ; ; ; ;
268;Blindalys;Cascoon;Pokémon cocon;Bug; ;Shed Skin; ; ; ;0.7;11.5;50;3;0;true;false;265;269; ; ; ; ; ; ;
269;Papinox;Dustox;Pokémon papipoison;Bug;Poison;Shield Dust;Compound Eyes; ; ;1.2;31.6;50;3;0;true;false;268; ; ; ; ; ; ; ;
270;Nénupiot;Lotad;Pokémon aquaplante;Water;Grass;Swift Swim;Rain Dish;Own Tempo; ;0.5;2.6;50;3;0;true;false; ;271; ; ; ; ; ; ;
271;Lombre;Lombre;Pokémon jovial;Water;Grass;Swift Swim;Rain Dish;Own Tempo; ;1.2;32.5;50;3;0;true;false;270;272; ; ; ; ; ; ;
272;Ludicolo;Ludicolo;Pokémon insouciant;Water;Grass;Swift Swim;Rain Dish;Own Tempo; ;1.5;55.0;50;3;0;true;false;271; ; ; ; ; ; ; ;
273;Grainipiot;Seedot;Pokémon gland;Grass; ;Chlorophyll;Early Bird;Pickpocket; ;0.5;4.0;50;3;0;true;false; ;274; ; ; ; ; ; ;
274;Pifeuil;Nuzleaf;Pokémon malin;Grass;Dark;Chlorophyll;Early Bird;Pickpocket; ;1.0;28.0;50;3;0;true;false;273;275; ; ; ; ; ; ;
275;Tengalice;Shiftry;Pokémon malveillant;Grass;Dark;Chlorophyll;Early Bird;Pickpocket; ;1.3;59.6;50;3;0;true;false;274;NUL; ; ; ; ; ; ;
276;Nirondelle;Taillow;Pokémon minirondelle;Normal;Flying;Guts;Scrappy; ; ;0.3;2.3;50;3;0;true;false; ;277; ; ; ; ; ; ;
277;Hélédelle;Swellow;Pokémon hirondelle;Normal;Flying;Guts;Scrappy; ; ;0.7;19.8;50;3;0;true;false;276; ; ; ; ; ; ; ;
278;Goélise;Wingull;Pokémon mouette;Water;Flying;Keen Eye;Hydration;Rain Dish; ;0.6;9.5;50;3;0;true;false; ;279; ; ; ; ; ; ;
279;Bekipan;Pelipper;Pokémon oiseaudo;Water;Flying;Keen Eye;Drizzle;Rain Dish; ;1.2;28.0;50;3;0;true;false;278; ; ; ; ; ; ; ;
280;Tarsal;Ralts;Pokémon sentiment;Psychic;Fairy;Synchronize;Trace;Telepathy; ;0.4;6.6;50;3;0;true;false; ;281; ; ; ; ; ; ;
281;Kirlia;Kirlia;Pokémon émotion;Psychic;Fairy;Synchronize;Trace;Telepathy; ;0.8;20.2;50;3;0;true;false;280;282;475; ; ; ; ; ;
282;Gardevoir;Gardevoir;Pokémon étreinte;Psychic;Fairy;Synchronize;Trace;Telepathy; ;1.6;48.4;50;3;0;true;true;281; ; ; ; ; ; ; ;
283;Arakdo;Surskit;Pokémon maresurfeur;Bug;Water;Swift Swim;Rain Dish; ; ;0.5;1.7;50;3;0;true;false; ;284; ; ; ; ; ; ;
284;Maskadra;Masquerain;Pokémon boule oeil;Bug;Flying;Intimidate;Unnerve; ; ;0.8;3.6;50;3;0;true;false;283; ; ; ; ; ; ; ;
285;Balignon;Shroomish;Pokémon champignon;Grass; ;Effect Spore;Poison Heal;Quick Feet; ;0.4;4.5;50;3;0;true;false; ;286; ; ; ; ; ; ;
286;Chapignon;Breloom;Pokémon champignon;Grass;Fighting;Effect Spore;Poison Heal;Technician; ;1.2;39.2;50;3;0;true;false;285; ; ; ; ; ; ; ;
287;Parecool;Slakoth;Pokémon flaneur;Normal; ;Truant; ; ; ;0.8;24.0;50;3;0;true;false; ;288; ; ; ; ; ; ;
288;Vigoroth;Vigoroth;Pokémon turbusinge;Normal; ;Vital Spirit; ; ; ;1.4;46.5;50;3;0;true;false;287;289; ; ; ; ; ; ;
289;Monaflèmit;Slaking;Pokémon fainéant;Normal; ;Truant; ; ; ;2.0;130.5;50;3;0;true;false;288; ; ; ; ; ; ; ;
290;Ningale;Nincada;Pokémon apprenti;Bug;Ground;Compound Eyes;Run Away; ; ;0.5;5.5;50;3;0;true;false; ;291; ; ; ; ; ; ;
291;Ninjask;Ninjask;Pokémon ninja;Bug;Flying;Speed Boost;Infiltrator; ; ;0.8;12.0;50;3;0;true;false;290; ; ; ; ; ; ; ;
292;Munja;Shedinja;Pokémon exuvie;Bug;Ghost;Wonder Guard; ; ; ;0.8;1.2; ;3;0;true;false;290; ; ; ; ; ; ; ;
293;Chuchmur;Whismur;Pokémon chuchoteur;Normal; ;Soundproof;Rattled; ; ;0.6;16.3;50;3;0;true;false; ;294; ; ; ; ; ; ;
294;Ramboum;Loudred;Pokémon grosse voix;Normal; ;Soundproof;Scrappy; ; ;1.0;40.5;50;3;0;true;false;293;295; ; ; ; ; ; ;
295;Brouhabam;Exploud;Pokémon bruit sourd;Normal; ;Soundproof;Scrappy; ; ;1.5;84.0;50;3;0;true;false;294; ; ; ; ; ; ; ;
296;Makuhita;Makuhita;Pokémon tenace;Fighting; ;Thick Fat;Guts;Sheer Force; ;1.0;86.4;75.4;3;0;true;false; ;297; ; ; ; ; ; ;
297;Hariyama;Hariyama;Pokémon cogneur;Fighting; ;Thick Fat;Guts;Sheer Force; ;2.3;253.8;75.4;3;0;true;false;296; ; ; ; ; ; ; ;
298;Azurill;Azurill;Pokémon point polka;Normal;Fairy;Thick Fat;Huge Power;Sap Sipper; ;0.2;2.0;24.6;3;0;true;false; ;183; ; ; ; ; ; ;
299;Tarinor;Nosepass;Pokémon boussole;Rock; ;Sturdy;Magnet Pull;Sand Force; ;1.0;97.0;50;3;0;true;false; ;476; ; ; ; ; ; ;
300;Skitty;Skitty;Pokémon chaton;Normal; ;Cute Charm;Normalize;Wonder Skin; ;0.6;11.0;24.6;3;0;true;false; ;301; ; ; ; ; ; ;
301;Delcatty;Delcatty;Pokémon guindé;Normal; ;Cute Charm;Normalize;Wonder Skin; ;1.1;32.6;24.6;3;0;true;false;300; ; ; ; ; ; ; ;
302;Ténéfix;Sableye;Pokémon ténèbre;Dark;Ghost;Keen Eye;Stall;Prankster; ;0.5;11.0;50;3;0;true;true; ; ; ; ; ; ; ; ;
303;Mysdibule;Mawile;Pokémon trompeur;Steel;Fairy;Hyper Cutter;Intimidate;Sheer Force; ;0.6;11.5;50;3;0;true;true; ; ; ; ; ; ; ; ;
304;Galekid;Aron;Pokémon armufer;Steel;Rock;Sturdy;Rock Head;Heavy Metal; ;0.4;60.0;50;3;0;true;false; ;305; ; ; ; ; ; ;
305;Galegon;Lairon;Pokémon armufer;Steel;Rock;Sturdy;Rock Head;Heavy Metal; ;0.9;120.0;50;3;0;true;false;304;306; ; ; ; ; ; ;
306;Galeking;Aggron;Pokémon armufer;Steel;Rock;Sturdy;Rock Head;Heavy Metal; ;2.1;360.0;50;3;0;true;true;305; ; ; ; ; ; ; ;
307;Méditikka;Meditite;Pokémon méditation;Fighting;Psychic;Pure Power;Telepathy; ; ;0.6;11.2;50;3;0;true;false; ;308; ; ; ; ; ; ;
308;Charmina;Medicham;Pokémon méditation;Fighting;Psychic;Pure Power;Telepathy; ; ;1.3;31.5;50;3;0;true;true;307; ; ; ; ; ; ; ;
309;Dynavolt;Electrike;Pokémon orage;Electric; ;Static;Lightning Rod;Minus; ;0.6;15.2;50;3;0;true;false; ;310; ; ; ; ; ; ;
310;Élecsprint;Manectric;Pokémon décharge;Electric; ;Static;Lightning Rod;Minus; ;1.5;40.2;50;3;0;true;true;309; ; ; ; ; ; ; ;
311;Posipi;Plusle;Pokémon acclameur;Electric; ;Plus;Lightning Rod; ; ;0.4;4.2;50;3;0;true;false; ; ; ; ; ; ; ; ;
312;Négapi;Minun;Pokémon acclameur;Electric; ;Minus;Volt Absorb; ; ;0.4;4.2;50;3;0;true;false; ; ; ; ; ; ; ; ;
313;Muciole;Volbeat;Pokémon luciole;Bug; ;Illuminate;Swarm;Prankster; ;0.7;17.7;100;3;0;true;false; ; ; ; ; ; ; ; ;
314;Lumivole;Illumise;Pokémon luciole;Bug; ;Oblivious;Tinted Lens;Prankster; ;0.6;17.7;0;3;0;true;false; ; ; ; ; ; ; ; ;
315;Rosélia;Roselia;Pokémon épine;Grass;Poison;Natural Cure;Poison Point;Leaf Guard; ;0.3;2.0;50;3;0;true;false;406;407; ; ; ; ; ; ;
316;Gloupti;Gulpin;Pokémon estomac;Poison; ;Liquid Ooze;Sticky Hold;Gluttony; ;0.4;10.3;50;3;0;true;false; ;317; ; ; ; ; ; ;
317;Avaltout;Swalot;Pokémon sac poison;Poison; ;Liquid Ooze;Sticky Hold;Gluttony; ;1.7;80.0;50;3;0;true;false;316; ; ; ; ; ; ; ;
318;Carvanha;Carvanha;Pokémon féroce;Water;Dark;Rough Skin;Speed Boost; ; ;0.8;20.8;50;3;0;true;false; ;319; ; ; ; ; ; ;
319;Sharpedo;Sharpedo;Pokémon brutal;Water;Dark;Rough Skin;Speed Boost; ; ;1.8;88.8;50;3;0;true;true;318; ; ; ; ; ; ; ;
320;Wailmer;Wailmer;Pokémon baleinboule;Water; ;Water Veil;Oblivious;Pressure; ;2.0;130.0;50;3;0;true;false; ;321; ; ; ; ; ; ;
321;Wailord;Wailord;Pokémoncachabouée;Water; ;Water Veil;Oblivious;Pressure; ;14.5;398.0;50;3;0;true;false;320; ; ; ; ; ; ; ;
322;Chamallot;Numel;Pokémon engourdi;Fire;Ground;Oblivious;Simple;Own Tempo; ;0.7;24.0;50;3;0;true;false; ;323; ; ; ; ; ; ;
323;Camérupt;Camerupt;Pokémon éruption;Fire;Ground;Magma Armor;Solid Rock;Anger Point; ;1.9;220.0;50;3;0;true;true;322; ; ; ; ; ; ; ;
324;Chartor;Torkoal;Pokémon charbon;Fire; ;White Smoke;Drought;Shell Armor; ;0.5;80.4;50;3;0;true;false; ; ; ; ; ; ; ; ;
325;Spoink;Spoink;Pokémon rebond;Psychic; ;Thick Fat;Own Tempo;Gluttony; ;0.7;30.6;50;3;0;true;false; ;326; ; ; ; ; ; ;
326;Groret;Grumpig;Pokémon magouilleur;Psychic; ;Thick Fat;Own Tempo;Gluttony; ;0.9;71.5;50;3;0;true;false;325; ; ; ; ; ; ; ;
327;Spinda;Spinda;Pokémon panda tache;Normal; ;Own Tempo;Tangled Feet;Contrary; ;1.1;5.0;50;3;0;true;false; ; ; ; ; ; ; ; ;
328;Kraknoix;Trapinch;Pokémon piégeur;Ground; ;Hyper Cutter;Arena Trap;Sheer Force; ;0.7;15.0;50;3;0;true;false; ;329; ; ; ; ; ; ;
329;Vibraninf;Vibrava;Pokémon vibration;Ground;Dragon;Levitate; ; ; ;1.1;15.3;50;3;0;true;false;328;330; ; ; ; ; ; ;
330;Libégon;Flygon;Pokémon mystique;Ground;Dragon;Levitate; ; ; ;2.0;82.0;50;3;0;true;false;329; ; ; ; ; ; ; ;
331;Cacnea;Cacnea;Pokémon cactus;Grass; ;Sand Veil;Water Absorb; ; ;0.4;51.3;50;3;0;true;false; ;332; ; ; ; ; ; ;
332;Cacturne;Cacturne;Pokémon épouvantail;Grass;Dark;Sand Veil;Water Absorb; ; ;1.3;77.4;50;3;0;true;false;331; ; ; ; ; ; ; ;
333;Tylton;Swablu;Pokémon oiseaucoton;Normal;Flying;Natural Cure;Cloud Nine; ; ;0.4;1.2;50;3;0;true;false; ;334; ; ; ; ; ; ;
334;Altaria;Altaria;Pokémon virevolteur;Dragon;Flying;Natural Cure;Cloud Nine; ; ;1.1;20.6;50;3;0;true;true;333; ; ; ; ; ; ; ;
335;Mangriff;Zangoose;Pokémon chat furet;Normal; ;Immunity;Toxic Boost; ; ;1.3;40.3;50;3;0;true;false; ; ; ; ; ; ; ; ;
336;Séviper;Seviper;Pokémon serpacroc;Poison; ;Shed Skin;Infiltrator; ; ;2.7;52.5;50;3;0;true;false; ; ; ; ; ; ; ; ;
337;Séléroc;Lunatone;Pokémon météorite;Rock;Psychic;Levitate; ; ; ;1.0;168.0; ;3;0;true;false; ; ; ; ; ; ; ; ;
338;Solaroc;Solrock;Pokémon météorite;Rock;Psychic;Levitate; ; ; ;1.2;154.0; ;3;0;true;false; ; ; ; ; ; ; ; ;
339;Barloche;Barboach;Pokémon barbillon;Water;Ground;Oblivious;Anticipation;Hydration; ;0.4;1.9;50;3;0;true;false; ;340; ; ; ; ; ; ;
340;Barbicha;Whiscash;Pokémon barbillon;Water;Ground;Oblivious;Anticipation;Hydration; ;0.9;23.6;50;3;0;true;false;339; ; ; ; ; ; ; ;
341;Écrapince;Corphish;Pokémon brute;Water; ;Hyper Cutter;Shell Armor;Adaptability; ;0.6;11.5;50;3;0;true;false; ;342; ; ; ; ; ; ;
342;Colhomard;Crawdaunt;Pokémon crapule;Water;Dark;Hyper Cutter;Shell Armor;Adaptability; ;1.1;32.8;50;3;0;true;false;341; ; ; ; ; ; ; ;
343;Balbuto;Baltoy;Pokémon poupargile;Ground;Psychic;Levitate; ; ; ;0.5;21.5; ;3;0;true;false; ;344; ; ; ; ; ; ;
344;Kaorine;Claydol;Pokémon poupargile;Ground;Psychic;Levitate; ; ; ;1.5;108.0; ;3;0;true;false;343; ; ; ; ; ; ; ;
345;Lilia;Lileep;Pokémon lys d'eau;Rock;Grass;Suction Cups;Storm Drain; ; ;1.0;23.8;88.1;3;0;true;false; ;346; ; ; ; ; ; ;
346;Vacilys;Cradily;Pokémon bernacle;Rock;Grass;Suction Cups;Storm Drain; ; ;1.5;60.4;88.1;3;0;true;false;345; ; ; ; ; ; ; ;
347;Anorith;Anorith;Pokémon crustage;Rock;Bug;Battle Armor;Swift Swim; ; ;0.7;12.5;88.1;3;0;true;false; ;348; ; ; ; ; ; ;
348;Armaldo;Armaldo;Pokémon blindage;Rock;Bug;Battle Armor;Swift Swim; ; ;1.5;68.2;88.1;3;0;true;false;347; ; ; ; ; ; ; ;
349;Barpau;Feebas;Pokémon poisson;Water; ;Swift Swim;Oblivious;Adaptability; ;0.6;7.4;50;3;0;true;false; ;350; ; ; ; ; ; ;
350;Milobellus;Milotic;Pokémon tendre;Water; ;Marvel Scale;Competitive;Cute Charm; ;6.2;162.0;50;3;0;true;false;349; ; ; ; ; ; ; ;
351;Morphéo;Castform;Pokémon climat;Normal; ;Forecast; ; ; ;0.3;0.8;50;3;0;true;false; ; ; ; ; ; ; ; ;
352;Kecleon;Kecleon;Pokémon multicolor;Normal; ;Color Change;Protean; ; ;1.0;22.0;50;3;0;true;false; ; ; ; ; ; ; ; ;
353;Polichombr;Shuppet;Pokémon poupée;Ghost; ;Insomnia;Frisk;Cursed Body; ;0.6;2.3;50;3;0;true;false; ;354; ; ; ; ; ; ;
354;Branette;Banette;Pokémon marionnette;Ghost; ;Insomnia;Frisk;Cursed Body; ;1.1;12.5;50;3;0;true;true;353; ; ; ; ; ; ; ;
355;Skelénox;Duskull;Pokémon requiem;Ghost; ;Levitate;Frisk; ; ;0.8;15.0;50;3;0;true;false; ;356; ; ; ; ; ; ;
356;Téraclope;Dusclops;Pokémon appel;Ghost; ;Pressure;Frisk; ; ;1.6;30.6;50;3;0;true;false;355;477; ; ; ; ; ; ;
357;Tropius;Tropius;Pokémon fruit;Grass;Flying;Chlorophyll;Solar Power;Harvest; ;2.0;100.0;50;3;0;true;false; ; ; ; ; ; ; ; ;
358;Éoko;Chimecho;Pokémon carillon;Psychic; ;Levitate; ; ; ;0.6;1.0;50;3;0;true;false;433; ; ; ; ; ; ; ;
359;Absol;Absol;Pokémon désastre;Dark; ;Pressure;Super Luck;Justified; ;1.2;47.0;50;3;0;true;true; ; ; ; ; ; ; ; ;
360;Okéoké;Wynaut;Pokémon ravi;Psychic; ;Shadow Tag;Telepathy; ; ;0.6;14.0;50;3;0;true;false; ;202; ; ; ; ; ; ;
361;Stalgamin;Snorunt;Pokémon capuche;Ice; ;Inner Focus;Ice Body;Moody; ;0.7;16.8;50;3;0;true;false; ;362;478; ; ; ; ; ;
362;Oniglali;Glalie;Pokémon face;Ice; ;Inner Focus;Ice Body;Moody; ;1.5;256.5;50;3;0;true;true;361; ; ; ; ; ; ; ;
363;Obalie;Spheal;Pokémon clap clap;Ice;Water;Thick Fat;Ice Body;Oblivious; ;0.8;39.5;50;3;0;true;false; ;364; ; ; ; ; ; ;
364;Phogleur;Sealeo;Pokémon roule boule;Ice;Water;Thick Fat;Ice Body;Oblivious; ;1.1;87.6;50;3;0;true;false;363;365; ; ; ; ; ; ;
365;Kaimorse;Walrein;Pokémon brise glace;Ice;Water;Thick Fat;Ice Body;Oblivious; ;1.4;150.6;50;3;0;true;false;364; ; ; ; ; ; ; ;
366;Coquiperl;Clamperl;Pokémon bivalve;Water; ;Shell Armor;Rattled; ; ;0.4;52.5;50;3;0;true;false; ;367;368; ; ; ; ; ;
367;Serpang;Huntail;Pokémon abysse;Water; ;Swift Swim;Water Veil; ; ;1.7;27.0;50;3;0;true;false;366; ; ; ; ; ; ; ;
368;Rosabyss;Gorebyss;Pokémon mer du sud;Water; ;Swift Swim;Hydration; ; ;1.8;22.6;50;3;0;true;false;366; ; ; ; ; ; ; ;
369;Relicanth;Relicanth;Pokémon longévité;Water;Rock;Swift Swim;Rock Head;Sturdy; ;1.0;23.4;88.1;3;0;true;false; ; ; ; ; ; ; ; ;
370;Lovdisc;Luvdisc;Pokémon Rendezvous ;Water; ;Swift Swim;Hydration; ; ;0.6;8.7;24.6;3;0;true;false; ; ; ; ; ; ; ; ;
371;Draby;Bagon;Pokémon tête de roc;Dragon; ;Rock Head;Sheer Force; ; ;0.6;42.1;50;3;0;true;false; ;372; ; ; ; ; ; ;
372;Drackhaus;Shelgon;Pokémon endurant;Dragon; ;Rock Head;Overcoat; ; ;1.1;110.5;50;3;0;true;false;371;373; ; ; ; ; ; ;
373;Drattak;Salamence;Pokémon dragon;Dragon;Flying;Intimidate;Moxie; ; ;1.5;102.6;50;3;0;true;true;372; ; ; ; ; ; ; ;
374;Terhal;Beldum;Pokémon boule fer;Steel;Psychic;Clear Body;Light Metal; ; ;0.6;95.2; ;3;0;true;false; ;375; ; ; ; ; ; ;
375;Métang;Metang;Pokémon pincefer;Steel;Psychic;Clear Body;Light Metal; ; ;1.2;202.5; ;3;0;true;false;374;376; ; ; ; ; ; ;
376;Métalosse;Metagross;Pokémon pattefer;Steel;Psychic;Clear Body;Light Metal; ; ;1.6;550.0; ;3;0;true;true;375; ; ; ; ; ; ; ;
377;Regirock;Regirock;Pokémon pic rocheux;Rock; ;Clear Body;Sturdy; ; ;1.7;230.0; ;3;2;true;false; ; ; ; ; ; ; ; ;
378;Regice;Regice;Pokémon iceberg;Ice; ;Clear Body;Ice Body; ; ;1.8;175.0; ;3;2;true;false; ; ; ; ; ; ; ; ;
379;Registeel;Registeel;Pokémon fer;Steel; ;Clear Body;Light Metal; ; ;1.9;205.0; ;3;2;true;false; ; ; ; ; ; ; ; ;
380;Latias;Latias;Pokémon éon;Dragon;Psychic;Levitate; ; ; ;1.4;40.0;0;3;2;true;true; ; ; ; ; ; ; ; ;
381;Latios;Latios;Pokémon éon;Dragon;Psychic;Levitate; ; ; ;2.0;60.0;100;3;2;true;true; ; ; ; ; ; ; ; ;
382;Kyogre;Kyogre;Pokémon bassin marin;Water; ;Drizzle; ; ; ;4.5;352.0; ;3;2;true;false; ; ; ; ; ; ; ; ;
383;Groudon;Groudon;Pokémon continent;Ground; ;Drought; ; ; ;3.5;950.0; ;3;2;true;false; ; ; ; ; ; ; ; ;
384;Rayquaza;Rayquaza;Pokémon cieux;Dragon;Flying;Air Lock; ; ; ;7.0;206.5; ;3;2;true;true; ; ; ; ; ; ; ; ;
385;Jirachi;Jirachi;Pokémon souhait;Steel;Psychic;Serene Grace; ; ; ;0.3;1.1; ;3;1;true;false; ; ; ; ; ; ; ; ;
386;Deoxys;Deoxys;Pokémon ADN;Psychic; ;Pressure; ; ; ;1.7;60.8; ;3;1;true;false; ; ; ; ; ; ; ; ;
387;Tortipouss;Turtwig;Pokémon minifeuille;Grass; ;Overgrow;Shell Armor; ; ;0.4;10.2;88.1;4;0;true;false; ;388; ; ; ; ; ; ;
388;Boskara;Grotle;Pokémon bosquet;Grass; ;Overgrow;Shell Armor; ; ;1.1;97.0;88.1;4;0;true;false;387;389; ; ; ; ; ; ;
389;Torterra;Torterra;Pokémon continent;Grass;Ground;Overgrow;Shell Armor; ; ;2.2;310.0;88.1;4;0;true;false;388; ; ; ; ; ; ; ;
390;Ouisticram;Chimchar;Pokémon chimpanzé;Fire; ;Blaze;Iron Fist; ; ;0.5;6.2;88.1;4;0;true;false; ;391; ; ; ; ; ; ;
391;Chimpenfeu;Monferno;Pokémon garnement;Fire;Fighting;Blaze;Iron Fist; ; ;0.9;22.0;88.1;4;0;true;false;390;392; ; ; ; ; ; ;
392;Simiabraz;Infernape;Pokémon flamme;Fire;Fighting;Blaze;Iron Fist; ; ;1.2;55.0;88.1;4;0;true;false;391; ; ; ; ; ; ; ;
393;Tiplouf;Piplup;Pokémon pingouin;Water; ;Torrent;Defiant; ; ;0.4;5.2;88.1;4;0;true;false; ;394; ; ; ; ; ; ;
394;Prinplouf;Prinplup;Pokémon pingouin;Water; ;Torrent;Defiant; ; ;0.8;23.0;88.1;4;0;true;false;393;395; ; ; ; ; ; ;
395;Pingoléon;Empoleon;Pokémon empereur;Water;Steel;Torrent;Defiant; ; ;1.7;84.5;88.1;4;0;true;false;394; ; ; ; ; ; ; ;
396;Étourmi;Starly;Pokémon étourneau;Normal;Flying;Keen Eye;Reckless; ; ;0.3;2.0;50;4;0;true;false; ;397; ; ; ; ; ; ;
397;Étourvol;Staravia;Pokémon étourneau;Normal;Flying;Intimidate;Reckless; ; ;0.6;15.5;50;4;0;true;false;396;398; ; ; ; ; ; ;
398;Étouraptor;Staraptor;Pokémon rapace;Normal;Flying;Intimidate;Reckless; ; ;1.2;24.9;50;4;0;true;false;397; ; ; ; ; ; ; ;
399;Keunotor;Bidoof;Pokémon souridodue;Normal; ;Simple;Unaware;Moody; ;0.5;20.0;50;4;0;true;false; ;400; ; ; ; ; ; ;
400;Castorno;Bibarel;Pokémon castor;Normal;Water;Simple;Unaware;Moody; ;1.0;31.5;50;4;0;true;false;399; ; ; ; ; ; ; ;
401;Crikzik;Kricketot;Pokémon criquet;Bug; ;Shed Skin;Run Away; ; ;0.3;2.2;50;4;0;true;false; ;402; ; ; ; ; ; ;
402;Mélokrik;Kricketune;Pokémon criquet;Bug; ;Swarm;Technician; ; ;1.0;25.5;50;4;0;true;false;401; ; ; ; ; ; ; ;
403;Lixy;Shinx;Pokémon flash;Electric; ;Rivalry;Intimidate;Guts; ;0.5;9.5;50;4;0;true;false; ;404; ; ; ; ; ; ;
404;Luxio;Luxio;Pokémon étincelle;Electric; ;Rivalry;Intimidate;Guts; ;0.9;30.5;50;4;0;true;false;403;405; ; ; ; ; ; ;
405;Luxray;Luxray;Pokémon brilloeil;Electric; ;Rivalry;Intimidate;Guts; ;1.4;42.0;50;4;0;true;false;404; ; ; ; ; ; ; ;
406;Rozbouton;Budew;Pokémon bourgeon;Grass;Poison;Natural Cure;Poison Point;Leaf Guard; ;0.2;1.2;50;4;0;true;false; ;315; ; ; ; ; ; ;
407;Roserade;Roserade;Pokémon bouquet;Grass;Poison;Natural Cure;Poison Point;Technician; ;0.9;14.5;50;4;0;true;false;315; ; ; ; ; ; ; ;
408;Kranidos;Cranidos;Pokémon coud'boule;Rock; ;Mold Breaker;Sheer Force; ; ;0.9;31.5;88.1;4;0;true;false; ;409; ; ; ; ; ; ;
409;Charkos;Rampardos;Pokémon coud'boule;Rock; ;Mold Breaker;Sheer Force; ; ;1.6;102.5;88.1;4;0;true;false;408; ; ; ; ; ; ; ;
410;Dinoclier;Shieldon;Pokémon bouclier;Rock;Steel;Sturdy;Soundproof; ; ;0.5;57.0;88.1;4;0;true;false; ;411; ; ; ; ; ; ;
411;Bastiodon;Bastiodon;Pokémon bouclier;Rock;Steel;Sturdy;Soundproof; ; ;1.3;149.5;88.1;4;0;true;false;410; ; ; ; ; ; ; ;
412;Cheniti;Burmy;Pokémon ver caché;Bug; ;Shed Skin;Overcoat; ; ;0.2;3.4;50;4;0;true;false; ;413;414; ; ; ; ; ;
413;Cheniselle;Wormadam;Pokémon ver caché;Bug;Grass;Anticipation;Overcoat; ; ;0.5;6.5;0;4;0;true;false;412; ; ; ; ; ; ; ;
414;Papilord;Mothim;Pokémon phalène;Bug;Flying;Swarm;Tinted Lens; ; ;0.9;23.3;100;4;0;true;false;412; ; ; ; ; ; ; ;
415;Apitrini;Combee;Pokémon miniabeille;Bug;Flying;Honey Gather;Hustle; ; ;0.3;5.5;88.1;4;0;true;false; ;416; ; ; ; ; ; ;
416;Apireine;Vespiquen;Pokémon ruche;Bug;Flying;Pressure;Unnerve; ; ;1.2;38.5;0;4;0;true;false;415; ; ; ; ; ; ; ;
417;Pachirisu;Pachirisu;Pokémon écurélec;Electric; ;Run Away;Pickup;Volt Absorb; ;0.4;3.9;50;4;0;true;false; ; ; ; ; ; ; ; ;
418;Mustébouée;Buizel;Pokémon aquabelette;Water; ;Swift Swim;Water Veil; ; ;0.7;29.5;50;4;0;true;false; ;419; ; ; ; ; ; ;
419;Mustéflott;Floatzel;Pokémon aquabelette;Water; ;Swift Swim;Water Veil; ; ;1.1;33.5;50;4;0;true;false;418; ; ; ; ; ; ; ;
420;Ceribou;Cherubi;Pokémon cerise;Grass; ;Chlorophyll; ; ; ;0.4;3.3;50;4;0;true;false; ;421; ; ; ; ; ; ;
421;Ceriflor;Cherrim;Pokémon floraison;Grass; ;Flower Gift; ; ; ;0.5;9.3;50;4;0;true;false;420; ; ; ; ; ; ; ;
422;Sancoki;Shellos;Pokémon aqualimace;Water; ;Sticky Hold;Storm Drain;Sand Force; ;0.3;6.3;50;4;0;true;false; ;422; ; ; ; ; ; ;
423;Tritosor;Gastrodon;Pokémon aqualimace;Water;Ground;Sticky Hold;Storm Drain;Sand Force; ;0.9;29.9;50;4;0;true;false;421; ; ; ; ; ; ; ;
424;Capidextre;Ambipom;Pokémon longqueue;Normal; ;Technician;Pickup;Skill Link; ;1.2;20.3;50;4;0;true;false;190; ; ; ; ; ; ; ;
425;Baudrive;Drifloon;Pokémon bouboule;Ghost;Flying;Aftermath;Unburden;Flare Boost; ;0.4;1.2;50;4;0;true;false; ;426; ; ; ; ; ; ;
426;Grodrive;Drifblim;Pokémon ballon;Ghost;Flying;Aftermath;Unburden;Flare Boost; ;1.2;15.0;50;4;0;true;false;425; ; ; ; ; ; ; ;
427;Laporeille;Buneary;Pokémon lapin;Normal; ;Run Away;Klutz;Limber; ;0.4;5.5;50;4;0;true;false; ;428; ; ; ; ; ; ;
428;Lockpin;Lopunny;Pokémon lapin;Normal; ;Cute Charm;Klutz;Limber; ;1.2;33.3;50;4;0;true;true;426; ; ; ; ; ; ; ;
429;Magirêve;Mismagius;Pokémon magique;Ghost; ;Levitate; ; ; ;0.9;4.4;50;4;0;true;false;200; ; ; ; ; ; ; ;
430;Corboss;Honchkrow;Pokémon big boss;Dark;Flying;Insomnia;Super Luck;Moxie; ;0.9;27.3;50;4;0;true;false;198; ; ; ; ; ; ; ;
431;Chaglam;Glameow;Pokémon chaffouin;Normal; ;Limber;Own Tempo;Keen Eye; ;0.5;3.9;24.6;4;0;true;false; ;431; ; ; ; ; ; ;
432;Chaffreux;Purugly;Pokémon chatigre;Normal; ;Thick Fat;Own Tempo;Defiant; ;1.0;43.8;24.6;4;0;true;false;430; ; ; ; ; ; ; ;
433;Korillon;Chingling;Pokémon clochette;Psychic; ;Levitate; ; ; ;0.2;0.6;50;4;0;true;false;358; ; ; ; ; ; ; ;
434;Moufouette;Stunky;Pokémon moufette;Poison;Dark;Stench;Aftermath;Keen Eye; ;0.4;19.2;50;4;0;true;false; ;435; ; ; ; ; ; ;
435;Moufflair;Skuntank;Pokémon moufette;Poison;Dark;Stench;Aftermath;Keen Eye; ;1.0;38.0;50;4;0;true;false;434; ; ; ; ; ; ; ;
436;Archéomire;Bronzor;Pokémon bronze;Steel;Psychic;Levitate;Heatproof;Heavy Metal; ;0.5;60.5; ;4;0;true;false; ;437; ; ; ; ; ; ;
437;Archéodong;Bronzong;Pokémon bronze;Steel;Psychic;Levitate;Heatproof;Heavy Metal; ;1.3;187.0; ;4;0;true;false;436; ; ; ; ; ; ; ;
438;Manzaï;Bonsly;Pokémon bonsaï;Rock; ;Sturdy;Rock Head;Rattled; ;0.5;15.0;50;4;0;true;false; ;185; ; ; ; ; ; ;
439;Mime Jr.;Mime Jr.;Pokémon mime;Psychic;Fairy;Soundproof;Filter;Technician; ;0.6;13.0;50;4;0;true;false; ;122; ; ; ; ; ; ;
440;Ptiravi;Happiny;Pokémon maisonjouet;Normal; ;Natural Cure;Serene Grace;Friend Guard; ;0.6;24.4;0;4;0;true;false; ;113; ; ; ; ; ; ;
441;Pijako;Chatot;Pokémon note musique;Normal;Flying;Keen Eye;Tangled Feet;Big Pecks; ;0.5;1.9;50;4;0;true;false; ; ; ; ; ; ; ; ;
442;Spiritomb;Spiritomb;Pokémon interdit ;Ghost;Dark;Pressure;Infiltrator; ; ;1.0;108.0;50;4;0;true;false; ; ; ; ; ; ; ; ;
443;Griknot;Gible;Pokémon terrequin;Dragon;Ground;Sand Veil;Rough Skin; ; ;0.7;20.5;50;4;0;true;false; ;444; ; ; ; ; ; ;
444;Carmache;Gabite;Pokémon caverne;Dragon;Ground;Sand Veil;Rough Skin; ; ;1.4;56.0;50;4;0;true;false;443;445; ; ; ; ; ; ;
445;Carchacrok;Garchomp;Pokémon supersonic;Dragon;Ground;Sand Veil;Rough Skin; ; ;1.9;95.0;50;4;0;true;true;444; ; ; ; ; ; ; ;
446;Goinfrex;Munchlax;Pokémon goinfre;Normal; ;Pickup;Thick Fat;Gluttony; ;0.6;105.0;88.1;4;0;true;false; ;143; ; ; ; ; ; ;
447;Riolu;Riolu;Pokémon émanation;Fighting; ;Steadfast;Inner Focus;Prankster; ;0.7;20.2;88.1;4;0;true;false; ;448; ; ; ; ; ; ;
448;Lucario;Lucario;Pokémon aura;Fighting;Steel;Steadfast;Inner Focus;Justified; ;1.2;54.0;88.1;4;0;true;true;447; ; ; ; ; ; ; ;
449;Hippopotas;Hippopotas;Pokémon hippo;Ground; ;Sand Stream;Sand Force; ; ;0.8;49.5;50;4;0;true;false; ;450; ; ; ; ; ; ;
450;Hippodocus;Hippowdon;Pokémon poids lourd;Ground; ;Sand Stream;Sand Force; ; ;2.0;300.0;50;4;0;true;false;449; ; ; ; ; ; ; ;
451;Rapion;Skorupi;Pokémon scorpion;Poison;Bug;Battle Armor;Sniper;Keen Eye; ;0.8;12.0;50;4;0;true;false; ;452; ; ; ; ; ; ;
452;Drascore;Drapion;Pokémon scorpogre;Poison;Dark;Battle Armor;Sniper;Keen Eye; ;1.3;61.5;50;4;0;true;false;451; ; ; ; ; ; ; ;
453;Cradopaud;Croagunk;Pokémon toxique;Poison;Fighting;Anticipation;Dry Skin;Poison Touch; ;0.7;23.0;50;4;0;true;false; ;454; ; ; ; ; ; ;
454;Coatox;Toxicroak;Pokémon toxique;Poison;Fighting;Anticipation;Dry Skin;Poison Touch; ;1.3;44.4;50;4;0;true;false;453; ; ; ; ; ; ; ;
455;Vortente;Carnivine;Pokémon chopinsecte;Grass; ;Levitate; ; ; ;1.4;27.0;50;4;0;true;false; ; ; ; ; ; ; ; ;
456;Écayon;Finneon;Pokémon poisson ailé;Water; ;Swift Swim;Storm Drain;Water Veil; ;0.4;7.0;50;4;0;true;false; ;457; ; ; ; ; ; ;
457;Luminéon;Lumineon;Pokémon néon;Water; ;Swift Swim;Storm Drain;Water Veil; ;1.2;24.0;50;4;0;true;false;456; ; ; ; ; ; ; ;
458;Babimanta;Mantyke;Pokémon cervolant;Water;Flying;Swift Swim;Water Absorb;Water Veil; ;1.0;65.0;50;4;0;true;false; ;226; ; ; ; ; ; ;
459;Blizzi;Snover; Pokémon arbregelé;Grass;Ice;Snow Warning;Soundproof; ; ;1.0;50.5;50;4;0;true;false; ;460; ; ; ; ; ; ;
460;Blizzaroi;Abomasnow; Pokémon arbregelé;Grass;Ice;Snow Warning;Soundproof; ; ;2.2;135.5;50;4;0;true;true;459; ; ; ; ; ; ; ;
461;Dimoret;Weavile;Pokémon griffe acérée;Dark;Ice;Pressure;Pickpocket; ; ;1.1;34.0;50;4;0;true;false;215; ; ; ; ; ; ; ;
462;Magnézone;Magnezone;Pokémon aimant;Electric;Steel;Magnet Pull;Sturdy;Analytic; ;1.2;180.0; ;4;0;true;false;82; ; ; ; ; ; ; ;
463;Coudlangue;Lickilicky;Pokémon lécheur;Normal; ;Own Tempo;Oblivious;Cloud Nine; ;1.7;140.0;50;4;0;true;false;108; ; ; ; ; ; ; ;
464;Rhinastoc;Rhyperior;Pokémon perceur;Ground;Rock;Lightning Rod;Solid Rock;Reckless; ;2.4;282.8;50;4;0;true;false;112; ; ; ; ; ; ; ;
465;Bouldeneu;Tangrowth;Pokémon vigne;Grass; ;Chlorophyll;Leaf Guard;Regenerator; ;2.0;128.6;50;4;0;true;false;114; ; ; ; ; ; ; ;
466;Élekable;Electivire;Pokémon foudrélec;Electric; ;Motor Drive;Vital Spirit; ; ;1.8;138.6;75.4;4;0;true;false;125; ; ; ; ; ; ; ;
467;Maganon;Magmortar;Pokémon explosion;Fire; ;Flame Body;Vital Spirit; ; ;1.6;68.0;75.4;4;0;true;false;126; ; ; ; ; ; ; ;
468;Togekiss;Togekiss;Pokémon célébration;Fairy;Flying;Hustle;Serene Grace;Super Luck; ;1.5;38.0;88.1;4;0;true;false;176; ; ; ; ; ; ; ;
469;Yanmega;Yanmega;Pokémon libellogre;Bug;Flying;Speed Boost;Tinted Lens;Frisk; ;1.9;51.5;50;4;0;true;false;193; ; ; ; ; ; ; ;
470;Phyllali;Leafeon;Pokémon verdoyant;Grass; ;Leaf Guard;Chlorophyll; ; ;1.0;25.5;88.1;4;0;true;false;133; ; ; ; ; ; ; ;
471;Givrali;Glaceon;Pokémon poudreuse ;Ice; ;Snow Cloak;Ice Body; ; ;0.8;25.9;88.1;4;0;true;false;133; ; ; ; ; ; ; ;
472;Scorvol;Gliscor;Pokémon scorpicroc;Ground;Flying;Hyper Cutter;Sand Veil;Poison Heal; ;2.0;42.5;50;4;0;true;false;207; ; ; ; ; ; ; ;
473;Mammochon;Mamoswine;Pokémon deudéfenses;Ice;Ground;Oblivious;Snow Cloak;Thick Fat; ;2.5;291.0;50;4;0;true;false;221; ; ; ; ; ; ; ;
474;Porygon-Z;Porygon-Z;Pokémon virtuel;Normal; ;Adaptability;Download;Analytic; ;0.9;34.0; ;4;0;true;false;233; ; ; ; ; ; ; ;
475;Gallame;Gallade;Pokémon lame;Psychic;Fighting;Steadfast;Justified; ; ;1.6;52.0;100;4;0;true;true;281; ; ; ; ; ; ; ;
476;Tarinorme;Probopass;Pokémon boussole;Rock;Steel;Sturdy;Magnet Pull;Sand Force; ;1.4;340.0;50;4;0;true;false;299; ; ; ; ; ; ; ;
477;Noctunoir;Dusknoir;Pokémon mainpince;Ghost; ;Pressure;Frisk; ; ;2.2;106.6;50;4;0;true;false;356; ; ; ; ; ; ; ;
478;Momartik;Froslass;Pokémon enneigement;Ice;Ghost;Snow Cloak;Cursed Body; ; ;1.3;26.6;0;4;0;true;false;361; ; ; ; ; ; ; ;
479;Motisma;Rotom;Pokémon plasma;Electric;Ghost;Levitate; ; ; ;0.3;0.3; ;4;0;true;false; ; ; ; ; ; ; ; ;
480;Créhelf;Uxie;Pokémon savoir;Psychic; ;Levitate; ; ; ;0.3;0.3; ;4;2;true;false; ; ; ; ; ; ; ; ;
481;Créfollet;Mesprit;Pokémon émotion;Psychic; ;Levitate; ; ; ;0.3;0.3; ;4;2;true;false; ; ; ; ; ; ; ; ;
482;Créfadet;Azelf;Pokémon volonté;Psychic; ;Levitate; ; ; ;0.3;0.3; ;4;2;true;false; ; ; ; ; ; ; ; ;
483;Dialga;Dialga;Pokémon temps;Steel;Dragon;Pressure;Telepathy; ; ;5.4;683.0; ;4;2;true;false; ; ; ; ; ; ; ; ;
484;Palkia;Palkia;Pokémon espace;Water;Dragon;Pressure;Telepathy; ; ;4.2;336.0; ;4;2;true;false; ; ; ; ; ; ; ; ;
485;Heatran;Heatran;Pokémon caldeira;Fire;Steel;Flash Fire;Flame Body; ; ;1.7;430.0;50;4;2;true;false; ; ; ; ; ; ; ; ;
486;Regigigas;Regigigas;Pokémon prodigieux;Normal; ;Slow Start; ; ; ;3.7;420.0; ;4;2;true;false; ; ; ; ; ; ; ; ;
487;Giratina;Giratina;Pokémon renégat;Ghost;Dragon;Pressure;Telepathy;Levitate; ;4.5;750.0; ;4;2;true;false; ; ; ; ; ; ; ; ;
488;Cresselia;Cresselia;Pokémon lunaire;Psychic; ;Levitate; ; ; ;1.5;85.6;0;4;2;true;false; ; ; ; ; ; ; ; ;
489;Phione;Phione;Pokémon dérivenmer;Water; ;Hydration; ; ; ;0.4;3.1; ;4;1;true;false; ; ; ; ; ; ; ; ;
490;Manaphy;Manaphy;Pokémon voyagenmer;Water; ;Hydration; ; ; ;0.3;1.4; ;4;1;true;false; ; ; ; ; ; ; ; ;
491;Darkrai;Darkrai;Pokémon noirtotal;Dark; ;Bad Dreams; ; ; ;1.5;50.5; ;4;1;true;false; ; ; ; ; ; ; ; ;
492;Shaymin;Shaymin;Pokémon gratitude;Grass;Grass;Natural Cure;Serene Grace; ; ;0.2;2.1; ;4;1;true;false; ; ; ; ; ; ; ; ;
493;Arceus;Arceus;Pokémon alpha;Normal; ;Multitype; ; ; ;3.2;320.0; ;4;1;true;false; ; ; ; ; ; ; ; ;
494;Victini;Victini;Pokémon victoire;Psychic;Fire;Victory Star; ; ; ;0.4;4.0; ;5;1;false;false; ; ; ; ; ; ; ; ;
495;Vipélierre;Snivy;Pokémon serpenterbe;Grass; ;Overgrow;Contrary; ; ;0.6;8.1;88.1;5;0;true;false; ;496; ; ; ; ; ; ;
496;Lianaja;Servine;Pokémon serpenterbe;Grass; ;Overgrow;Contrary; ; ;0.8;16.0;88.1;5;0;true;false;495;497; ; ; ; ; ; ;
497;Majaspic;Serperior;Pokémon majestueux;Grass; ;Overgrow;Contrary; ; ;3.3;63.0;88.1;5;0;true;false;496; ; ; ; ; ; ; ;
498;Gruikui;Tepig;Pokémon cochon feu;Fire; ;Blaze;Thick Fat; ; ;0.5;9.9;88.1;5;0;true;false; ;499; ; ; ; ; ; ;
499;Grotichon;Pignite;Pokémon cochon feu;Fire;Fighting;Blaze;Thick Fat; ; ;1.0;55.5;88.1;5;0;true;false;498;500; ; ; ; ; ; ;
500;Roitiflam;Emboar;Pokémon grochon feu;Fire;Fighting;Blaze;Reckless; ; ;1.6;150.0;88.1;5;0;true;false;499; ; ; ; ; ; ; ;
501;Moustillon;Oshawott;Pokémon loutre;Water; ;Torrent;Shell Armor; ; ;0.5;5.9;88.1;5;0;true;false; ;502; ; ; ; ; ; ;
502;Mateloutre;Dewott;Pokémon entraînement;Water; ;Torrent;Shell Armor; ; ;0.8;24.5;88.1;5;0;true;false;501;503; ; ; ; ; ; ;
503;Clamiral;Samurott;Pokémon dignitaire;Water; ;Torrent;Shell Armor; ; ;1.5;94.6;88.1;5;0;true;false;502; ; ; ; ; ; ; ;
504;Ratentif;Patrat;Pokémon espion;Normal; ;Run Away;Keen Eye;Analytic; ;0.5;11.6;50;5;0;true;false; ;505; ; ; ; ; ; ;
505;Miradar;Watchog;Pokémon vigilant;Normal; ;Illuminate;Keen Eye;Analytic; ;1.1;27.0;50;5;0;true;false;504; ; ; ; ; ; ; ;
506;Ponchiot;Lillipup;Pokémon chiot;Normal; ;Vital Spirit;Pickup;Run Away; ;0.4;4.1;50;5;0;true;false; ;507; ; ; ; ; ; ;
507;Ponchien;Herdier;Pokémon chien fidèle;Normal; ;Intimidate;Sand Rush;Scrappy; ;0.9;14.7;50;5;0;true;false;506;508; ; ; ; ; ; ;
508;Mastouffe;Stoutland;Pokémon magnanime;Normal; ;Intimidate;Sand Rush;Scrappy; ;1.2;61.0;50;5;0;true;false;507; ; ; ; ; ; ; ;
509;Chacripan;Purrloin;Pokémon scélérat;Dark; ;Limber;Unburden;Prankster; ;0.4;10.1;50;5;0;true;false; ;510; ; ; ; ; ; ;
510;Léopardus;Liepard;Pokémon implacable;Dark; ;Limber;Unburden;Prankster; ;1.1;37.5;50;5;0;true;false;509; ; ; ; ; ; ; ;
511;Feuillajou;Pansage;Pokémon singe herbe;Grass; ;Gluttony;Overgrow; ; ;0.6;10.5;88.1;5;0;true;false; ;512; ; ; ; ; ; ;
512;Feuiloutan;Simisage;Pokémon singépine;Grass; ;Gluttony;Overgrow; ; ;1.1;30.5;88.1;5;0;true;false;511; ; ; ; ; ; ; ;
513;Flamajou;Pansear;Pokémon brûlant;Fire; ;Gluttony;Blaze; ; ;0.6;11.0;88.1;5;0;true;false; ;514; ; ; ; ; ; ;
514;Flamoutan;Simisear;Pokémon braise;Fire; ;Gluttony;Blaze; ; ;1.0;28.0;88.1;5;0;true;false;513; ; ; ; ; ; ; ;
515;Flotajou;Panpour;Pokémon jet d'eau;Water; ;Gluttony;Torrent; ; ;0.6;13.5;88.1;5;0;true;false; ;516; ; ; ; ; ; ;
516;Flotoutan;Simipour;Pokémon drainage;Water; ;Gluttony;Torrent; ; ;1.0;29.0;88.1;5;0;true;false;515; ; ; ; ; ; ; ;
517;Munna;Munna;Pokémon mangerêve;Psychic; ;Forewarn;Synchronize;Telepathy; ;0.6;23.3;50;5;0;true;false; ;518; ; ; ; ; ; ;
518;Mushana;Musharna;Pokémon rêveur;Psychic; ;Forewarn;Synchronize;Telepathy; ;1.1;60.5;50;5;0;true;false;517; ; ; ; ; ; ; ;
519;Poichigeon;Pidove;Pokémon tipigeon;Normal;Flying;Big Pecks;Super Luck;Rivalry; ;0.3;2.1;50;5;0;true;false; ;520; ; ; ; ; ; ;
520;Colombeau;Tranquill;Pokémon sauvapigeon;Normal;Flying;Big Pecks;Super Luck;Rivalry; ;0.6;15.0;50;5;0;true;false;519;521; ; ; ; ; ; ;
521;Déflaisan;Unfezant;Pokémon fier;Normal;Flying;Big Pecks;Super Luck;Rivalry; ;1.2;29.0;50;5;0;true;false;520; ; ; ; ; ; ; ;
522;Zébibron;Blitzle;Pokémon étincélec;Electric; ;Lightning Rod;Motor Drive;Sap Sipper; ;0.8;29.8;50;5;0;true;false; ;523; ; ; ; ; ; ;
523;Zéblitz;Zebstrika;Pokémon foudrélec;Electric; ;Lightning Rod;Motor Drive;Sap Sipper; ;1.6;79.5;50;5;0;true;false;522; ; ; ; ; ; ; ;
524;Nodulithe;Roggenrola;Pokémon manteau;Rock; ;Sturdy;Weak Armor;Sand Force; ;0.4;18.0;50;5;0;true;false; ;525; ; ; ; ; ; ;
525;Géolithe;Boldore;Pokémon minerai;Rock; ;Sturdy;Weak Armor;Sand Force; ;0.9;102.0;50;5;0;true;false;524;526; ; ; ; ; ; ;
526;Gigalithe;Gigalith;Pokémon surpression;Rock; ;Sturdy;Sand Stream;Sand Force; ;1.7;260.0;50;5;0;true;false;525; ; ; ; ; ; ; ;
527;Chovsourir;Woobat;Pokémon chovsouris;Psychic;Flying;Unaware;Klutz;Simple; ;0.4;2.1;50;5;0;true;false; ;528; ; ; ; ; ; ;
528;Rhinolove;Swoobat;Pokémon cupidon;Psychic;Flying;Unaware;Klutz;Simple; ;0.9;10.5;50;5;0;true;false;527; ; ; ; ; ; ; ;
529;Rototaupe;Drilbur;Pokémon taupe;Ground; ;Sand Rush;Sand Force;Mold Breaker; ;0.3;8.5;50;5;0;true;false; ;530; ; ; ; ; ; ;
530;Minotaupe;Excadrill;Pokémon souterrain;Ground;Steel;Sand Rush;Sand Force;Mold Breaker; ;0.7;40.4;50;5;0;true;false;531; ; ; ; ; ; ; ;
531;Nanméouïe;Audino;Pokémon audition;Normal; ;Healer;Regenerator;Klutz; ;1.1;31.0;50;5;0;true;true; ; ; ; ; ; ; ; ;
532;Charpenti;Timburr;Pokémon costaud;Fighting; ;Guts;Sheer Force;Iron Fist; ;0.6;12.5;75.4;5;0;true;false; ;533; ; ; ; ; ; ;
533;Ouvrifier;Gurdurr;Pokémon costaud;Fighting; ;Guts;Sheer Force;Iron Fist; ;1.2;40.0;75.4;5;0;true;false;532;534; ; ; ; ; ; ;
534;Bétochef;Conkeldurr;Pokémon costaud;Fighting; ;Guts;Sheer Force;Iron Fist; ;1.4;87.0;75.4;5;0;true;false;533; ; ; ; ; ; ; ;
535;Tritonde;Tympole;Pokémon tétard;Water; ;Swift Swim;Hydration;Water Absorb; ;0.5;4.5;50;5;0;true;false; ;536; ; ; ; ; ; ;
536;Batracné;Palpitoad;Pokémon vibration;Water;Ground;Swift Swim;Hydration;Water Absorb; ;0.8;17.0;50;5;0;true;false;535;537; ; ; ; ; ; ;
537;Crapustule;Seismitoad;Pokémon tritonde;Water;Ground;Swift Swim;Poison Touch;Water Absorb; ;1.5;62.0;50;5;0;true;false;536; ; ; ; ; ; ; ;
538;Judokrak;Throh;Pokémon judo;Fighting; ;Guts;Inner Focus;Mold Breaker; ;1.3;55.5;100;5;0;true;false; ; ; ; ; ; ; ; ;
539;Karaclée;Sawk;Pokémon karaté;Fighting; ;Sturdy;Inner Focus;Mold Breaker; ;1.4;51.0;100;5;0;true;false; ; ; ; ; ; ; ; ;
540;Larveyette;Sewaddle;Pokémon couture;Bug;Grass;Swarm;Chlorophyll;Overcoat; ;0.3;2.5;50;5;0;true;false; ;541; ; ; ; ; ; ;
541;Couverdure;Swadloon;Pokémon capefeuille;Bug;Grass;Leaf Guard;Chlorophyll;Overcoat; ;0.5;7.3;50;5;0;true;false;540;542; ; ; ; ; ; ;
542;Manternel;Leavanny;Pokémon précepteur;Bug;Grass;Swarm;Chlorophyll;Overcoat; ;1.2;20.5;50;5;0;true;false;541; ; ; ; ; ; ; ;
543;Venipatte;Venipede;Pokémon chilopode;Bug;Poison;Poison Point;Swarm;Speed Boost; ;0.4;5.3;50;5;0;true;false; ;544; ; ; ; ; ; ;
544;Scobolide;Whirlipede;Pokémon coconplode;Bug;Poison;Poison Point;Swarm;Speed Boost; ;1.2;58.5;50;5;0;true;false;543;545; ; ; ; ; ; ;
545;Brutapode;Scolipede;Pokémon mégaplopode;Bug;Poison;Poison Point;Swarm;Speed Boost; ;2.5;200.5;50;5;0;true;false;544; ; ; ; ; ; ; ;
546;Doudouvet;Cottonee;Pokémon boule coton;Grass;Fairy;Prankster;Infiltrator;Chlorophyll; ;0.3;0.6;50;5;0;true;false; ;547; ; ; ; ; ; ;
547;Farfaduvet;Whimsicott;Pokémon vole vent;Grass;Fairy;Prankster;Infiltrator;Chlorophyll; ;0.7;6.6;50;5;0;true;false;546; ; ; ; ; ; ; ;
548;Chlorobule;Petilil;Pokémon racine;Grass; ;Chlorophyll;Own Tempo;Leaf Guard; ;0.5;6.6;0;5;0;true;false; ;549; ; ; ; ; ; ;
549;Fragilady;Lilligant;Pokémon chef-fleur;Grass; ;Chlorophyll;Own Tempo;Leaf Guard; ;1.1;16.3;0;5;0;true;false;548; ; ; ; ; ; ; ;
550;Bargantua;Basculin;Pokémon violent;Water; ;Reckless;Rock Head;Adaptability;Mold Breaker;1.0;18.0;50;5;0;true;false; ; ; ; ; ; ; ; ;
551;Mascaïman;Sandile;Pokémon croco-sable;Ground;Dark;Intimidate;Moxie;Anger Point; ;0.7;15.2;50;5;0;true;false; ;552; ; ; ; ; ; ;
552;Escroco;Krokorok;Pokémon croco-sable;Ground;Dark;Intimidate;Moxie;Anger Point; ;1.0;33.4;50;5;0;true;false;551;553; ; ; ; ; ; ;
553;Crocorible;Krookodile;Pokémon intimidation;Ground;Dark;Intimidate;Moxie;Anger Point; ;1.5;96.3;50;5;0;true;false;552; ; ; ; ; ; ; ;
554;Darumarond;Darumaka;Pokémon darula;Fire; ;Hustle;Inner Focus; ; ;0.6;37.5;50;5;0;true;false; ;555; ; ; ; ; ; ;
555;Darumacho;Darmanitan;Pokémon enflammé;Fire; ;Sheer Force;Zen Mode; ; ;1.3;92.9;50;5;0;true;false;556; ; ; ; ; ; ; ;
556;Maracachi;Maractus;Pokémon cactus;Grass; ;Water Absorb;Chlorophyll;Storm Drain; ;1.0;28.0;50;5;0;true;false; ; ; ; ; ; ; ; ;
557;Crabicoque;Dwebble;Pokémon lithicole;Bug;Rock;Sturdy;Shell Armor;Weak Armor; ;0.3;14.5;50;5;0;true;false; ;558; ; ; ; ; ; ;
558;Crabaraque;Crustle;Pokémon lapidicole;Bug;Rock;Sturdy;Shell Armor;Weak Armor; ;1.4;200.0;50;5;0;true;false;557; ; ; ; ; ; ; ;
559;Baggiguane;Scraggy;Pokémon mue;Dark;Fighting;Shed Skin;Moxie;Intimidate; ;0.6;11.8;50;5;0;true;false; ;560; ; ; ; ; ; ;
560;Baggaïd;Scrafty;Pokémon gang;Dark;Fighting;Shed Skin;Moxie;Intimidate; ;1.1;30.0;50;5;0;true;false;559; ; ; ; ; ; ; ;
561;Cryptéro;Sigilyph;Pokémon similoiseau;Psychic;Flying;Wonder Skin;Magic Guard;Tinted Lens; ;1.4;14.0;50;5;0;true;false; ; ; ; ; ; ; ; ;
562;Tutafeh;Yamask;Pokémon âme;Ghost; ;Mummy; ; ; ;0.5;1.5;50;5;0;true;false; ;563; ; ; ; ; ; ;
563;Tutankafer;Cofagrigus;Pokémon cercueil;Ghost; ;Mummy; ; ; ;1.7;76.5;50;5;0;true;false;562; ; ; ; ; ; ; ;
564;Carapagos;Tirtouga;Pokémon tortantique;Water;Rock;Solid Rock;Sturdy;Swift Swim; ;0.7;16.5;88.1;5;0;true;false; ;565; ; ; ; ; ; ;
565;Mégapagos;Carracosta;Pokémon tortantique;Water;Rock;Solid Rock;Sturdy;Swift Swim; ;1.2;81.0;88.1;5;0;true;false;564; ; ; ; ; ; ; ;
566;Arkéapti;Archen;Pokémon oisancien;Rock;Flying;Defeatist; ; ; ;0.5;9.5;88.1;5;0;true;false; ;567; ; ; ; ; ; ;
567;Aéroptéryx;Archeops;Pokémon oisancien;Rock;Flying;Defeatist; ; ; ;1.4;32.0;88.1;5;0;true;false;566; ; ; ; ; ; ; ;
568;Miamiasme;Trubbish;Pokémon sac poubelle;Poison; ;Stench;Sticky Hold;Aftermath; ;0.6;31.0;50;5;0;true;false; ;569; ; ; ; ; ; ;
569;Miasmax;Garbodor;Pokémon dépotoir;Poison; ;Stench;Weak Armor;Aftermath; ;1.9;107.3;50;5;0;true;false;568; ; ; ; ; ; ; ;
570;Zorua;Zorua;Pokémon sombrerenard;Dark; ;Illusion; ; ; ;0.7;12.5;88.1;5;0;true;false; ;571; ; ; ; ; ; ;
571;Zoroark;Zoroark;Pokémon polymorfox;Dark; ;Illusion; ; ; ;1.6;81.1;88.1;5;0;true;false;570; ; ; ; ; ; ; ;
572;Chinchidou;Minccino;Pokémon chinchilla;Normal; ;Cute Charm;Technician;Skill Link; ;0.4;5.8;24.6;5;0;true;false; ;573; ; ; ; ; ; ;
573;Pashmilla;Cinccino;Pokémon écharpe;Normal; ;Cute Charm;Technician;Skill Link; ;0.5;7.5;24.6;5;0;true;false;572; ; ; ; ; ; ; ;
574;Scrutella;Gothita;Pokémon fixation;Psychic; ;Frisk;Competitive;Shadow Tag; ;0.4;5.8;24.6;5;0;true;false; ;575; ; ; ; ; ; ;
575;Mesmérella;Gothorita;Pokémon magouilleur;Psychic; ;Frisk;Competitive;Shadow Tag; ;0.7;18.0;24.6;5;0;true;false;574;576; ; ; ; ; ; ;
576;Sidérella;Gothitelle;Pokémon cosmique;Psychic; ;Frisk;Competitive;Shadow Tag; ;1.5;44.0;24.6;5;0;true;false;575; ; ; ; ; ; ; ;
577;Nucléos;Solosis;Pokémon cellule;Psychic; ;Overcoat;Magic Guard;Regenerator; ;0.3;1.0;50;5;0;true;false; ;578; ; ; ; ; ; ;
578;Méios;Duosion;Pokémon divisé;Psychic; ;Overcoat;Magic Guard;Regenerator; ;0.6;8.0;50;5;0;true;false;577;579; ; ; ; ; ; ;
579;Symbios;Reuniclus;Pokémon multiplié;Psychic; ;Overcoat;Magic Guard;Regenerator; ;1.0;20.1;50;5;0;true;false;578; ; ; ; ; ; ; ;
580;Couaneton;Ducklett;Pokémon oiseaudo;Water;Flying;Keen Eye;Big Pecks;Hydration; ;0.5;5.5;50;5;0;true;false; ;581; ; ; ; ; ; ;
581;Lakmécygne;Swanna;Pokémon cygne;Water;Flying;Keen Eye;Big Pecks;Hydration; ;1.3;24.2;50;5;0;true;false;580; ; ; ; ; ; ; ;
582;Sorbébé;Vanillite;Pokémon poudreuse ;Ice; ;Ice Body;Snow Cloak;Weak Armor; ;0.4;5.7;50;5;0;true;false; ;583; ; ; ; ; ; ;
583;Sorboul;Vanillish;Pokémon grêle;Ice; ;Ice Body;Snow Cloak;Weak Armor; ;1.1;41.0;50;5;0;true;false;582;584; ; ; ; ; ; ;
584;Sorbouboul;Vanilluxe;Pokémon congère;Ice; ;Ice Body;Snow Warning;Weak Armor; ;1.3;57.5;50;5;0;true;false;583; ; ; ; ; ; ; ;
585;Vivaldaim;Deerling;Pokémon saison;Normal;Grass;Chlorophyll;Sap Sipper;Serene Grace; ;0.6;19.5;50;5;0;true;false; ;586; ; ; ; ; ; ;
586;Haydaim;Sawsbuck;Pokémon saison;Normal;Grass;Chlorophyll;Sap Sipper;Serene Grace; ;1.9;92.5;50;5;0;true;false;585; ; ; ; ; ; ; ;
587;Emolga;Emolga;Pokémon pteromys;Electric;Flying;Static;Motor Drive; ; ;0.4;5.0;50;5;0;true;false; ; ; ; ; ; ; ; ;
588;Carabing;Karrablast;Pokémon carabe;Bug; ;Swarm;Shed Skin;No Guard; ;0.5;5.9;50;5;0;true;false; ;589; ; ; ; ; ; ;
589;Lançargot;Escavalier;Pokémon chevalier;Bug;Steel;Swarm;Shell Armor;Overcoat; ;1.0;33.0;50;5;0;true;false;588; ; ; ; ; ; ; ;
590;Trompignon;Foongus;Pokémon champignon;Grass;Poison;Effect Spore;Regenerator; ; ;0.2;1.0;50;5;0;true;false; ;591; ; ; ; ; ; ;
591;Gaulet;Amoonguss;Pokémon champignon;Grass;Poison;Effect Spore;Regenerator; ; ;0.6;10.5;50;5;0;true;false;590; ; ; ; ; ; ; ;
592;Viskuse;Frillish;Pokémon flottaison;Water;Ghost;Water Absorb;Cursed Body;Damp; ;1.2;33.0;50;5;0;true;false; ;593; ; ; ; ; ; ;
593;Moyade;Jellicent;Pokémon flottaison;Water;Ghost;Water Absorb;Cursed Body;Damp; ;2.2;135.0;50;5;0;true;false;592; ; ; ; ; ; ; ;
594;Mamanbo;Alomomola;Pokémon mamanbo;Water; ;Healer;Hydration;Regenerator; ;1.2;31.6;50;5;0;true;false; ; ; ; ; ; ; ; ;
595;Statitik;Joltik;Pokémon crampon;Bug;Electric;Compound Eyes;Unnerve;Swarm; ;0.1;0.6;50;5;0;true;false; ;596; ; ; ; ; ; ;
596;Mygavolt;Galvantula;Pokémon araclectik;Bug;Electric;Compound Eyes;Unnerve;Swarm; ;0.8;14.3;50;5;0;true;false;595; ; ; ; ; ; ; ;
597;Grindur;Ferroseed;Pokémon graine épine;Grass;Steel;Iron Barbs; ; ; ;0.6;18.8;50;5;0;true;false; ;598; ; ; ; ; ; ;
598;Noacier;Ferrothorn;Pokémon boule épine;Grass;Steel;Iron Barbs;Anticipation; ; ;1.0;110.0;50;5;0;true;false;597; ; ; ; ; ; ; ;
599;Tic;Klink;Pokémon engrenage;Steel; ;Plus;Minus;Clear Body; ;0.3;21.0; ;5;0;true;false; ;600; ; ; ; ; ; ;
600;Clic;Klang;Pokémon engrenage;Steel; ;Plus;Minus;Clear Body; ;0.6;51.0; ;5;0;true;false;599;601; ; ; ; ; ; ;
601;Cliticlic;Klinklang;Pokémon engrenage;Steel; ;Plus;Minus;Clear Body; ;0.6;81.0; ;5;0;true;false;600; ; ; ; ; ; ; ;
602;Anchwatt;Tynamo;Pokémon électrophore;Electric; ;Levitate; ; ; ;0.2;0.3;50;5;0;true;false; ;603; ; ; ; ; ; ;
603;Lampéroie;Eelektrik;Pokémon électrophore;Electric; ;Levitate; ; ; ;1.2;22.0;50;5;0;true;false;602;604; ; ; ; ; ; ;
604;Ohmassacre;Eelektross;Pokémon électrophore;Electric; ;Levitate; ; ; ;2.1;80.5;50;5;0;true;false;603; ; ; ; ; ; ; ;
605;Lewsor;Elgyem;Pokémon cerveau;Psychic; ;Telepathy;Synchronize;Analytic; ;0.5;9.0;50;5;0;true;false; ;606; ; ; ; ; ; ;
606;Neitram;Beheeyem;Pokémon cerveau;Psychic; ;Telepathy;Synchronize;Analytic; ;1.0;34.5;50;5;0;true;false;605; ; ; ; ; ; ; ;
607;Funécire;Litwick;Pokémon chandelle;Ghost;Fire;Flash Fire;Flame Body;Infiltrator; ;0.3;3.1;50;5;0;true;false; ;608; ; ; ; ; ; ;
608;Mélancolux;Lampent;Pokémon lampe;Ghost;Fire;Flash Fire;Flame Body;Infiltrator; ;0.6;13.0;50;5;0;true;false;607;609; ; ; ; ; ; ;
609;Lugulabre;Chandelure;Pokémon luring;Ghost;Fire;Flash Fire;Flame Body;Infiltrator; ;1.0;34.3;50;5;0;true;false;609; ; ; ; ; ; ; ;
610;Coupenotte;Axew;Pokémon crocs;Dragon; ;Rivalry;Mold Breaker;Unnerve; ;0.6;18.0;50;5;0;true;false; ;611; ; ; ; ; ; ;
611;Incisache;Fraxure;Pokémon hachomenton;Dragon; ;Rivalry;Mold Breaker;Unnerve; ;1.0;36.0;50;5;0;true;false;610;612; ; ; ; ; ; ;
612;Tranchodon;Haxorus;Pokémon hachomenton;Dragon; ;Rivalry;Mold Breaker;Unnerve; ;1.8;105.5;50;5;0;true;false;611; ; ; ; ; ; ; ;
613;Polarhume;Cubchoo;Pokémon gelé;Ice; ;Snow Cloak;Slush Rush;Rattled; ;0.5;8.5;50;5;0;true;false; ;614; ; ; ; ; ; ;
614;Polagriffe;Beartic;Pokémon congelé;Ice; ;Snow Cloak;Slush Rush;Swift Swim; ;2.6;260.0;50;5;0;true;false;613; ; ; ; ; ; ; ;
615;Hexagel;Cryogonal;Pokémon cristal;Ice; ;Levitate; ; ; ;1.1;148.0; ;5;0;true;false; ; ; ; ; ; ; ; ;
616;Escargaume;Shelmet;Pokémon escargot;Bug; ;Hydration;Shell Armor;Overcoat; ;0.4;7.7;50;5;0;true;false; ;617; ; ; ; ; ; ;
617;Limaspeed;Accelgor;Pokémon exuviateur;Bug; ;Hydration;Sticky Hold;Unburden; ;0.8;25.3;50;5;0;true;false;616; ; ; ; ; ; ; ;
618;Limonde;Stunfisk;Pokémon piège;Ground;Electric;Static;Limber;Sand Veil; ;0.7;11.0;50;5;0;true;false; ; ; ; ; ; ; ; ;
619;Kungfouine;Mienfoo;Pokémon art martial;Fighting; ;Inner Focus;Regenerator;Reckless; ;0.9;20.0;50;5;0;true;false; ;620; ; ; ; ; ; ;
620;Shaofouine;Mienshao;Pokémon art martial;Fighting; ;Inner Focus;Regenerator;Reckless; ;1.4;35.5;50;5;0;true;false;619; ; ; ; ; ; ; ;
621;Drakkarmin;Druddigon;Pokémon caverne;Dragon; ;Rough Skin;Sheer Force;Mold Breaker; ;1.6;139.0;50;5;0;true;false; ; ; ; ; ; ; ; ;
622;Gringolem;Golett;Pokémon golem ancien;Ground;Ghost;Iron Fist;Klutz;No Guard; ;1.0;92.0; ;5;0;true;false; ;623; ; ; ; ; ; ;
623;Golemastoc;Golurk;Pokémon golem ancien;Ground;Ghost;Iron Fist;Klutz;No Guard; ;2.8;330.0; ;5;0;true;false;622; ; ; ; ; ; ; ;
624;Scalpion;Pawniard;Pokémon coupant;Dark;Steel;Defiant;Inner Focus;Pressure; ;0.5;10.2;50;5;0;true;false; ;625; ; ; ; ; ; ;
625;Scalproie;Bisharp;Pokémon tranchant;Dark;Steel;Defiant;Inner Focus;Pressure; ;1.6;70.0;50;5;0;true;false;624; ; ; ; ; ; ; ;
626;Frison;Bouffalant;Pokémon coup d'Boeuf;Normal; ;Reckless;Sap Sipper;Soundproof; ;1.6;94.6;50;5;0;true;false; ; ; ; ; ; ; ; ;
627;Furaiglon;Rufflet;Pokémon aiglon;Normal;Flying;Keen Eye;Sheer Force;Hustle; ;0.5;10.5;100;5;0;true;false; ;628; ; ; ; ; ; ;
628;Gueriaigle;Braviary;Pokémon vaillant;Normal;Flying;Keen Eye;Sheer Force;Defiant; ;1.5;41.0;100;5;0;true;false;627; ; ; ; ; ; ; ;
629;Vostourno;Vullaby;Pokémon couche;Dark;Flying;Big Pecks;Overcoat;Weak Armor; ;0.5;9.0;0;5;0;true;false; ;630; ; ; ; ; ; ;
630;Vaututrice;Mandibuzz;Pokémon vostour;Dark;Flying;Big Pecks;Overcoat;Weak Armor; ;1.2;39.5;0;5;0;true;false;629; ; ; ; ; ; ; ;
631;Aflamanoir;Heatmor;Pokémon tamanoir;Fire; ;Gluttony;Flash Fire;White Smoke; ;1.4;58.0;50;5;0;true;false; ; ; ; ; ; ; ; ;
632;Fermite;Durant;Pokémon fourmi dure;Bug;Steel;Swarm;Hustle;Truant; ;0.3;33.0;50;5;0;true;false; ; ; ; ; ; ; ; ;
633;Solochi;Deino;Pokémon rude;Dark;Dragon;Hustle; ; ; ;0.8;17.3;50;5;0;true;false; ;634; ; ; ; ; ; ;
634;Diamat;Zweilous;Pokémon violent;Dark;Dragon;Hustle; ; ; ;1.4;50.0;50;5;0;true;false;633;635; ; ; ; ; ; ;
635;Trioxhydre;Hydreigon;Pokémon brutal;Dark;Dragon;Levitate; ; ; ;1.8;160.0;50;5;0;true;false;634; ; ; ; ; ; ; ;
636;Pyronille;Larvesta;Pokémon torche;Bug;Fire;Flame Body;Swarm; ; ;1.1;28.8;50;5;0;true;false; ;637; ; ; ; ; ; ;
637;Pyrax;Volcarona;Pokémon soleil;Bug;Fire;Flame Body;Swarm; ; ;1.6;46.0;50;5;0;true;false;636; ; ; ; ; ; ; ;
638;Cobaltium;Cobalion;Pokémon coeur de fer;Steel;Fighting;Justified; ; ; ;2.1;250.0; ;5;2;true;false; ; ; ; ; ; ; ; ;
639;Terrakium;Terrakion;Pokémon  grotte;Rock;Fighting;Justified; ; ; ;1.9;260.0; ;5;2;true;false; ; ; ; ; ; ; ; ;
640;Viridium;Virizion;Pokémon plaine verte;Grass;Fighting;Justified; ; ; ;2.0;200.0; ;5;2;true;false; ; ; ; ; ; ; ; ;
641;Boréas;Tornadus;Pokémon tornade;Flying; ;Prankster;Defiant;Regenerator; ;1.5;63.0;100;5;2;true;false; ; ; ; ; ; ; ; ;
642;Fulguris;Thundurus;Pokémon foudroyeur;Electric;Flying;Prankster;Defiant;Volt Absorb; ;1.5;61.0;100;5;2;true;false; ; ; ; ; ; ; ; ;
643;Reshiram;Reshiram;Pokémon blanc réel;Dragon;Fire;Turboblaze; ; ; ;3.2;330.0; ;5;2;true;false; ; ; ; ; ; ; ; ;
644;Zekrom;Zekrom;Pokémon noir idéal;Dragon;Electric;Teravolt; ; ; ;2.9;345.0; ;5;2;true;false; ; ; ; ; ; ; ; ;
645;Démétéros;Landorus;Pokémon fertilité;Ground;Flying;Sand Force;Sheer Force;Intimidate; ;1.5;68.0;100;5;2;true;false; ; ; ; ; ; ; ; ;
646;Kyurem;Kyurem;Pokémon frontière;Dragon;Ice;Pressure;Teravolt;Turboblaze; ;3.0;325.0; ;5;2;true;false; ; ; ; ; ; ; ; ;
647;Keldeo;Keldeo;Pokémon poulain;Water;Fighting;Justified; ; ; ;1.4;48.5; ;5;1;false;false; ; ; ; ; ; ; ; ;
648;Meloetta;Meloetta;Pokémon mélodie;Normal;Psychic;Serene Grace; ; ; ;0.6;6.5; ;5;1;false;false; ; ; ; ; ; ; ; ;
649;Genesect;Genesect;Pokémon paléozoïque;Bug;Steel;Download; ; ; ;1.5;82.5; ;5;1;true;false; ; ; ; ; ; ; ; ;
650;Marisson;Chespin;Pokémon bogue;Grass; ;Overgrow;Bulletproof; ; ;0.4;9.0;88.1;6;0;true;false; ;651; ; ; ; ; ; ;
651;Boguérisse;Quilladin;Pokémon épinarmure;Grass; ;Overgrow;Bulletproof; ; ;0.7;29.0;88.1;6;0;true;false;650;652; ; ; ; ; ; ;
652;Blindépique;Chesnaught;Pokémon épinarmure;Grass;Fighting;Overgrow;Bulletproof; ; ;1.6;90.0;88.1;6;0;true;false;651; ; ; ; ; ; ; ;
653;Feunnec;Fennekin;Pokémon renard;Fire; ;Blaze;Magician; ; ;0.4;9.4;88.1;6;0;true;false; ;654; ; ; ; ; ; ;
654;Roussil;Braixen;Pokémon renard;Fire; ;Blaze;Magician; ; ;1.0;14.5;88.1;6;0;true;false;653;655; ; ; ; ; ; ;
655;Goupelin;Delphox;Pokémon renard;Fire;Psychic;Blaze;Magician; ; ;1.5;39.0;88.1;6;0;true;false;654; ; ; ; ; ; ; ;
656;Grenousse;Froakie;Pokémon crappobulle;Water; ;Torrent;Protean; ; ;0.3;7.0;88.1;6;0;true;false; ;657; ; ; ; ; ; ;
657;Croâporal;Frogadier;Pokémon crappobulle;Water; ;Torrent;Protean; ; ;0.6;10.9;88.1;6;0;true;false;656;658; ; ; ; ; ; ;
658;Amphinobi;Greninja;Pokémon ninja;Water;Dark;Torrent;Protean;Battle Bond; ;1.5;40.0;88.1;6;0;true;false;657; ; ; ; ; ; ; ;
659;Sapereau;Bunnelby;Pokémon fouisseur;Normal; ;Pickup;Cheek Pouch;Huge Power; ;0.4;5.0;50;6;0;true;false; ;660; ; ; ; ; ; ;
660;Excavarenne;Diggersby;Pokémon fouisseur;Normal;Ground;Pickup;Cheek Pouch;Huge Power; ;1.0;42.4;50;6;0;true;false;659; ; ; ; ; ; ; ;
661;Passerouge;Fletchling;Pokémon rougegorge;Normal;Flying;Big Pecks;Gale Wings; ; ;0.3;1.7;50;6;0;true;false; ;662; ; ; ; ; ; ;
662;Braisillon;Fletchinder;Pokémon braise;Fire;Flying;Flame Body;Gale Wings; ; ;0.7;16.0;50;6;0;true;false;661;663; ; ; ; ; ; ;
663;Flambusard;Talonflame;Pokémon fournaise;Fire;Flying;Flame Body;Gale Wings; ; ;1.2;24.5;50;6;0;true;false;662; ; ; ; ; ; ; ;
664;Lépidonille;Scatterbug;Pokémon exhalécaille;Bug; ;Shield Dust;Compound Eyes;Friend Guard; ;0.3;2.5;50;6;0;true;false; ;665; ; ; ; ; ; ;
665;Pérégrain;Spewpa;Pokémon exhalécaille;Bug; ;Shed Skin;Friend Guard; ; ;0.3;8.4;50;6;0;true;false;664;666; ; ; ; ; ; ;
666;Prismillon;Vivillon;Pokémon lépidécaille;Bug;Flying;Shield Dust;Compound Eyes;Friend Guard; ;1.2;17.0;50;6;0;true;false;665; ; ; ; ; ; ; ;
667;Hélionceau;Litleo;Pokémon lionceau;Fire;Normal;Rivalry;Unnerve;Moxie; ;0.6;13.5;11.2;6;0;true;false; ;668; ; ; ; ; ; ;
668;Némélios;Pyroar;Pokémon royal;Fire;Normal;Rivalry;Unnerve;Moxie; ;1.5;81.5;11.2;6;0;true;false;667; ; ; ; ; ; ; ;
669;Flabébé;Flabébé;Pokémon pétale;Fairy; ;Flower Veil;Symbiosis; ; ;0.1;0.1;0;6;0;true;false; ;670; ; ; ; ; ; ;
670;Floette;Floette;Pokémon pétale;Fairy; ;Flower Veil;Symbiosis; ; ;0.2;0.9;0;6;0;true;false;669;671; ; ; ; ; ; ;
671;Florges;Florges;Pokémon jardin;Fairy; ;Flower Veil;Symbiosis; ; ;1.1;10.0;0;6;0;true;false;670; ; ; ; ; ; ; ;
672;Cabriolaine;Skiddo;Pokémon monture;Grass; ;Sap Sipper;Grass Pelt; ; ;0.9;31.0;50;6;0;true;false; ;673; ; ; ; ; ; ;
673;Chevroum;Gogoat;Pokémon monture;Grass; ;Sap Sipper;Grass Pelt; ; ;1.7;91.0;50;6;0;true;false;672; ; ; ; ; ; ; ;
674;Pandespiègle;Pancham;Pokémon garnement;Fighting; ;Iron Fist;Mold Breaker;Scrappy; ;0.6;8.0;50;6;0;true;false; ;674; ; ; ; ; ; ;
675;Pandarbare;Pangoro;Pokémon patibulaire;Fighting;Dark;Iron Fist;Mold Breaker;Scrappy; ;2.1;136.0;50;6;0;true;false;675; ; ; ; ; ; ; ;
676;Couafarel;Furfrou;Pokémon caniche;Normal; ;Fur Coat; ; ; ;1.2;28.0;50;6;0;true;false; ; ; ; ; ; ; ; ;
677;Psystigri;Espurr;Pokémon retenue;Psychic; ;Keen Eye;Infiltrator;Own Tempo; ;0.3;3.5;50;6;0;true;false; ;678; ; ; ; ; ; ;
678;Mistigrix;Meowstic;Pokémon selfcontrôle;Psychic; ;Keen Eye;Infiltrator;Prankster;Competitive;0.6;8.5;50;6;0;true;false;677; ; ; ; ; ; ; ;
679;Monorpale;Honedge;Pokémon glaive;Steel;Ghost;No Guard; ; ; ;0.8;2.0;50;6;0;true;false; ;680; ; ; ; ; ; ;
680;Dimoclès;Doublade;Pokémon glaive;Steel;Ghost;No Guard; ; ; ;0.8;4.5;50;6;0;true;false;679;681; ; ; ; ; ; ;
681;Exagide;Aegislash;Pokémon noble lame;Steel;Ghost;Stance Change; ; ; ;1.7;53.0;50;6;0;true;false;680; ; ; ; ; ; ; ;
682;Fluvetin;Spritzee;Pokémon fragrance;Fairy; ;Healer;Aroma Veil; ; ;0.2;0.5;50;6;0;true;false; ;683; ; ; ; ; ; ;
683;Cocotine;Aromatisse;Pokémon parfum;Fairy; ;Healer;Aroma Veil; ; ;0.8;15.5;50;6;0;true;false;682; ; ; ; ; ; ; ;
684;Sucroquin;Swirlix;Pokémon confiserie;Fairy; ;Sweet Veil;Unburden; ; ;0.4;3.5;50;6;0;true;false; ;685; ; ; ; ; ; ;
685;Cupcanaille;Slurpuff;Pokémon mousseline;Fairy; ;Sweet Veil;Unburden; ; ;0.8;5.0;50;6;0;true;false;684; ; ; ; ; ; ; ;
686;Sepiatop;Inkay;Pokémon rotation;Dark;Psychic;Contrary;Suction Cups;Infiltrator; ;0.4;3.5;50;6;0;true;false; ;687; ; ; ; ; ; ;
687;Sepiatroce;Malamar;Pokémon révolution;Dark;Psychic;Contrary;Suction Cups;Infiltrator; ;1.5;47.0;50;6;0;true;false;686; ; ; ; ; ; ; ;
688;Opermine;Binacle;Pokémon bimane;Rock;Water;Tough Claws;Sniper;Pickpocket; ;0.5;31.0;50;6;0;true;false; ;689; ; ; ; ; ; ;
689;Golgopathe;Barbaracle;Pokémon assemblage;Rock;Water;Tough Claws;Sniper;Pickpocket; ;1.3;96.0;50;6;0;true;false;688; ; ; ; ; ; ; ;
690;Venalgue;Skrelp;Pokémon simulalgue;Poison;Water;Poison Point;Poison Touch;Adaptability; ;0.5;7.3;50;6;0;true;false; ;691; ; ; ; ; ; ;
691;Kravarech;Dragalge;Pokémon simulalgue;Poison;Dragon;Poison Point;Poison Touch;Adaptability; ;1.8;81.5;50;6;0;true;false;690; ; ; ; ; ; ; ;
692;Flingouste;Clauncher;Pokémon lance à eau;Water; ;Mega Launcher; ; ; ;0.5;8.3;50;6;0;true;false; ;693; ; ; ; ; ; ;
693;Gamblast;Clawitzer;Pokémon blaster;Water; ;Mega Launcher; ; ; ;1.3;35.3;50;6;0;true;false;692; ; ; ; ; ; ; ;
694;Galvaran;Helioptile;Pokémon générateur;Electric;Normal;Dry Skin;Sand Veil;Solar Power; ;0.5;6.0;50;6;0;true;false; ;695; ; ; ; ; ; ;
695;Iguolta;Heliolisk;Pokémon générateur;Electric;Normal;Dry Skin;Sand Veil;Solar Power; ;1.0;21.0;50;6;0;true;false;694; ; ; ; ; ; ; ;
696;Ptyranidur;Tyrunt;Pokémon prince;Rock;Dragon;Strong Jaw;Sturdy; ; ;0.8;26.0;88.1;6;0;true;false; ;697; ; ; ; ; ; ;
697;Rexillius;Tyrantrum;Pokémon tyran;Rock;Dragon;Strong Jaw;Rock Head; ; ;2.5;270.0;88.1;6;0;true;false;696; ; ; ; ; ; ; ;
698;Amagara;Amaura;Pokémon toundra;Rock;Ice;Refrigerate;Snow Warning; ; ;1.3;25.2;88.1;6;0;true;false; ;699; ; ; ; ; ; ;
699;Dragmara;Aurorus;Pokémon toundra;Rock;Ice;Refrigerate;Snow Warning; ; ;2.7;225.0;88.1;6;0;true;false;698; ; ; ; ; ; ; ;
700;Nymphali;Sylveon;Pokémon attachant;Fairy; ;Cute Charm;Pixilate; ; ;1.0;23.5;88.1;6;0;true;false;133; ; ; ; ; ; ; ;
701;Brutalibré;Hawlucha;Pokémon catcheur;Fighting;Flying;Limber;Unburden;Mold Breaker; ;0.8;21.5;50;6;0;true;false; ; ; ; ; ; ; ; ;
702;Dedenne;Dedenne;Pokémon antenne;Electric;Fairy;Cheek Pouch;Pickup;Plus; ;0.2;2.2;50;6;0;true;false; ; ; ; ; ; ; ; ;
703;Strassie;Carbink; Pokémon joyau;Rock;Fairy;Clear Body;Sturdy; ; ;0.3;5.7; ;6;0;true;false; ; ; ; ; ; ; ; ;
704;Mucuscule;Goomy;Pokémon mollusque;Dragon; ;Sap Sipper;Hydration;Gooey; ;0.3;2.8;50;6;0;true;false; ;705; ; ; ; ; ; ;
705;Colimucus;Sliggoo;Pokémon mollusque;Dragon; ;Sap Sipper;Hydration;Gooey; ;0.8;17.5;50;6;0;true;false;704;706; ; ; ; ; ; ;
706;Muplodocus;Goodra;Pokémon dragon;Dragon; ;Sap Sipper;Hydration;Gooey; ;2.0;150.5;50;6;0;true;false;705; ; ; ; ; ; ; ;
707;Trousselin;Klefki;Pokémon trousseau;Steel;Fairy;Prankster;Magician; ; ;0.2;3.0;50;6;0;true;false; ; ; ; ; ; ; ; ;
708;Brocélôme;Phantump;Pokémon souche;Ghost;Grass;Natural Cure;Frisk;Harvest; ;0.4;7.0;50;6;0;true;false; ;709; ; ; ; ; ; ;
709;Desséliande;Trevenant;Pokémon vieillearbre;Ghost;Grass;Natural Cure;Frisk;Harvest; ;1.5;71.0;50;6;0;true;false;708; ; ; ; ; ; ; ;
710;Pitrouille;Pumpkaboo;Pokémon citrouille;Ghost;Grass;Pickup;Frisk;Insomnia; ;0.8;15.0;50;6;0;true;false; ;711; ; ; ; ; ; ;
711;Banshitrouye;Gourgeist;Pokémon citrouille;Ghost;Grass;Pickup;Frisk;Insomnia; ;1.7;39.0;50;6;0;true;false;710; ; ; ; ; ; ; ;
712;Grelaçon;Bergmite;Pokémon glaçon;Ice; ;Own Tempo;Ice Body;Sturdy; ;1.0;99.5;50;6;0;true;false; ;713; ; ; ; ; ; ;
713;Séracrawl;Avalugg;Pokémon iceberg;Ice; ;Own Tempo;Ice Body;Sturdy; ;2.0;505.0;50;6;0;true;false;712; ; ; ; ; ; ; ;
714;Sonistrelle;Noibat;Pokémon ondes;Flying;Dragon;Frisk;Infiltrator;Telepathy; ;0.5;8.0;50;6;0;true;false; ;715; ; ; ; ; ; ;
715;Bruyverne;Noivern;Pokémon ondes;Flying;Dragon;Frisk;Infiltrator;Telepathy; ;1.5;85.0;50;6;0;true;false;714; ; ; ; ; ; ; ;
716;Xerneas;Xerneas;Pokémon existence;Fairy; ;Fairy Aura; ; ; ;3.0;215.0; ;6;2;true;false; ; ; ; ; ; ; ; ;
717;Yveltal;Yveltal;Pokémon annihilation;Dark;Flying;Dark Aura; ; ; ;5.8;203.0; ;6;2;true;false; ; ; ; ; ; ; ; ;
718;Zygarde;Zygarde;Pokémon équilibre;Dragon;Ground;Aura Break;Power Construct; ; ;5.0;284.6; ;6;2;true;false; ; ; ; ; ; ; ; ;
719;Diancie;Diancie;Pokémon joyau;Rock;Fairy;Clear Body; ; ; ;0.7;8.8; ;6;1;true;true; ; ; ; ; ; ; ; ;
720;Hoopa;Hoopa;Pokémon chenapan;Psychic;Ghost;Magician; ; ; ;0.5;1.6; ;6;1;false;false; ; ; ; ; ; ; ; ;
721;Volcanion;Volcanion;Pokémon vapeur;Fire;Water;Water Absorb; ; ; ;1.7;195.0; ;6;1;false;false; ; ; ; ; ; ; ; ;
722;Brindibou;Rowlet;Pokémon plumefeuille;Grass;Flying;Overgrow;Long Reach; ; ;0.3;1.5;88.1;7;0;true;false; ;723; ; ; ; ; ; ;
723;Efflèche;Dartrix;Pokémon plum'acérée;Grass;Flying;Overgrow;Long Reach; ; ;0.7;16.0;88.1;7;0;true;false;722;724; ; ; ; ; ; ;
724;Archéduc;Decidueye;Pokémon plumeflèche;Grass;Ghost;Overgrow;Long Reach; ; ;1.6;36.6;88.1;7;0;true;false;723; ; ; ; ; ; ; ;
725;Flamiaou;Litten;Pokémon chat feu;Fire; ;Blaze;Intimidate; ; ;0.4;4.3;88.1;7;0;true;false; ;726; ; ; ; ; ; ;
726;Matoufeu;Torracat;Pokémon chat feu;Fire; ;Blaze;Intimidate; ; ;0.7;25.0;88.1;7;0;true;false;725;727; ; ; ; ; ; ;
727;Félinferno;Incineroar;Pokémon vil catcheur;Fire;Dark;Blaze;Intimidate; ; ;1.8;83.0;88.1;7;0;true;false;726; ; ; ; ; ; ; ;
728;Otaquin;Popplio;Pokémon otarie;Water; ;Torrent;Liquid Voice; ; ;0.4;7.5;88.1;7;0;true;false; ;729; ; ; ; ; ; ;
729;Otarlette;Brionne;Pokémon starlette;Water; ;Torrent;Liquid Voice; ; ;0.6;17.5;88.1;7;0;true;false;728;730; ; ; ; ; ; ;
730;Oratoria;Primarina;Pokémon soliste;Water;Fairy;Torrent;Liquid Voice; ; ;1.8;44.0;88.1;7;0;true;false;729; ; ; ; ; ; ; ;
731;Picassaut;Pikipek;Pokémon pivert;Normal;Flying;Keen Eye;Skill Link;Pickup; ;0.3;1.2;50;7;0;true;false; ;732; ; ; ; ; ; ;
732;Piclairon;Trumbeak;Pokémon bec clairon;Normal;Flying;Keen Eye;Skill Link;Pickup; ;0.6;14.8;50;7;0;true;false;731;733; ; ; ; ; ; ;
733;Bazoucan;Toucannon;Pokémon canon;Normal;Flying;Keen Eye;Skill Link;Sheer Force; ;1.1;26.0;50;7;0;true;false;732; ; ; ; ; ; ; ;
734;Manglouton;Yungoos;Pokémon patrouille;Normal; ;Stakeout;Strong Jaw;Adaptability; ;0.4;6.0;50;7;0;true;false; ;735; ; ; ; ; ; ;
735;Argouste;Gumshoos;Pokémon filature;Normal; ;Stakeout;Strong Jaw;Adaptability; ;0.7;14.2;50;7;0;true;false;734; ; ; ; ; ; ; ;
736;Larvubule;Grubbin;Pokémon larve;Bug; ;Swarm; ; ; ;0.4;4.4;50;7;0;true;false; ;737; ; ; ; ; ; ;
737;Chrysapile;Charjabug;Pokémon batterie;Bug;Electric;Battery; ; ; ;0.5;10.5;50;7;0;true;false;736;738; ; ; ; ; ; ;
738;Lucanon;Vikavolt;Pokémon scarabée;Bug;Electric;Levitate; ; ; ;1.5;45.0;50;7;0;true;false;737; ; ; ; ; ; ; ;
739;Crabagarre;Crabrawler;Pokémon boxeur;Fighting; ;Hyper Cutter;Iron Fist;Anger Point; ;0.6;7.0;50;7;0;true;false; ;740; ; ; ; ; ; ;
740;Crabominable;Crabominable;Pokémon brabe velu;Fighting;Ice;Hyper Cutter;Iron Fist;Anger Point; ;1.7;180.0;50;7;0;true;false;739; ; ; ; ; ; ; ;
741;Plumeline;Oricorio;Pokémon danse;Fire;Flying;Dancer; ; ; ;0.6;3.4;24.6;7;0;true;false; ; ; ; ; ; ; ; ;
742;Bombidou;Cutiefly;Pokémon bombyle;Bug;Fairy;Honey Gather;Shield Dust;Sweet Veil; ;0.1;0.2;50;7;0;true;false; ;743; ; ; ; ; ; ;
743;Rubombelle;Ribombee;Pokémon bombyle;Bug;Fairy;Honey Gather;Shield Dust;Sweet Veil; ;0.2;0.5;50;7;0;true;false;742; ; ; ; ; ; ; ;
744;Rocabot;Rockruff;Pokémon chiot;Rock; ;Keen Eye;Vital Spirit;Steadfast; ;0.5;9.2;50;7;0;true;false; ;745; ; ; ; ; ; ;
745;Lougaroc;Lycanroc;Pokémon loup;Rock; ;Keen Eye;Sand Rush;Steadfast;Keen Eye;0.8;25;50;7;0;true;false;744; ; ; ; ; ; ; ;
746;Froussardine;Wishiwashi;Pokémon minipoisson;Water; ;Schooling; ; ; ;0.2;0.3;50;7;0;true;false; ; ; ; ; ; ; ; ;
747;Vorastérie;Mareanie;Pokémon cruel;Poison;Water;Merciless;Limber;Regenerator; ;0.4;8.0;50;7;0;true;false; ;748; ; ; ; ; ; ;
748;Prédastérie;Toxapex;Pokémon cruel;Poison;Water;Merciless;Limber;Regenerator; ;0.7;14.5;50;7;0;true;false;747; ; ; ; ; ; ; ;
749;Tiboudet;Mudbray;Pokémon âne;Ground; ;Own Tempo;Stamina;Inner Focus; ;1.0;110.0;50;7;0;true;false; ;750; ; ; ; ; ; ;
750;Bourrinos;Mudsdale;Pokémon cheval trait;Ground; ;Own Tempo;Stamina;Inner Focus; ;2.5;920.0;50;7;0;true;false;749; ; ; ; ; ; ; ;
751;Araqua;Dewpider;Pokémon aquabulle;Water;Bug;Water Bubble;Water Absorb; ; ;0.3;4.0;50;7;0;true;false; ;752; ; ; ; ; ; ;
752;Tarenbulle;Araquanid;Pokémon aquabulle;Water;Bug;Water Bubble;Water Absorb; ; ;1.8;82.0;50;7;0;true;false;751; ; ; ; ; ; ; ;
753;Mimantis;Fomantis;Pokémon fauch'herbe;Grass; ;Leaf Guard;Contrary; ; ;0.3;1.5;50;7;0;true;false; ;754; ; ; ; ; ; ;
754;Floramantis;Lurantis;Pokémon fauch'fleur;Grass; ;Leaf Guard;Contrary; ; ;0.9;18.5;50;7;0;true;false;753; ; ; ; ; ; ; ;
755;Spododo;Morelull;Pokémon luminsecent;Grass;Fairy;Illuminate;Effect Spore;Rain Dish; ;0.2;1.5;50;7;0;true;false; ;756; ; ; ; ; ; ;
756;Lampignon;Shiinotic;Pokémon luminsecent;Grass;Fairy;Illuminate;Effect Spore;Rain Dish; ;1.0;11.5;50;7;0;true;false;755; ; ; ; ; ; ; ;
757;Tritox;Salandit;Pokémon toxilézard;Poison;Fire;Corrosion;Oblivious; ; ;0.6;4.8;88.1;7;0;true;false; ;758; ; ; ; ; ; ;
758;Malamandre;Salazzle;Pokémon toxilézard;Poison;Fire;Corrosion;Oblivious; ; ;1.2;22.2;0;7;0;true;false;757; ; ; ; ; ; ; ;
759;Nounourson;Stufful;Pokémon gigoteur;Normal;Fighting;Fluffy;Klutz;Cute Charm; ;0.5;6.8;50;7;0;true;false; ;760; ; ; ; ; ; ;
760;Chelours;Bewear;Pokémon biscoteaux;Normal;Fighting;Fluffy;Klutz;Unnerve; ;2.1;135.0;50;7;0;true;false;759; ; ; ; ; ; ; ;
761;Croquine;Bounsweet;Pokémon fruit;Grass; ;Leaf Guard;Oblivious;Sweet Veil; ;0.3;3.2;0;7;0;true;false; ;762; ; ; ; ; ; ;
762;Candine;Steenee;Pokémon fruit;Grass; ;Leaf Guard;Oblivious;Sweet Veil; ;0.7;8.2;0;7;0;true;false;761; ; ; ; ; ; ; ;
763;Sucreine;Tsareena;Pokémon fruit;Grass; ;Leaf Guard;Queenly Majesty;Sweet Veil; ;1.2;21.4;0;7;0;true;false; ;764; ; ; ; ; ; ;
764;Guérilande;Comfey;Pokémon tressefleur;Fairy; ;Flower Veil;Triage;Natural Cure; ;0.1;0.3;24.6;7;0;true;false;763; ; ; ; ; ; ; ;
765;Gouroutan;Oranguru;Pokémon grand sage;Normal;Psychic;Inner Focus;Telepathy;Symbiosis; ;1.5;76.0;50;7;0;true;false; ; ; ; ; ; ; ; ;
766;Quartermac;Passimian;Pokémon coopération;Fighting; ;Receiver;Defiant; ; ;2.0;82.8;50;7;0;true;false; ; ; ; ; ; ; ; ;
767;Sovkipou;Wimpod;Pokémon cavaleur;Bug;Water;Wimp Out; ; ; ;0.5;12.0;50;7;0;true;false; ;768; ; ; ; ; ; ;
768;Sarmuraï;Golisopod;Pokémon blindé;Bug;Water;Emergency Exit; ; ; ;2.0;108.0;50;7;0;true;false;767; ; ; ; ; ; ; ;
769;Bacabouh;Sandygast;Pokémon patéd'sable;Ghost;Ground;Water Compaction;Sand Veil; ; ;0.5;70.0;50;7;0;true;false; ;770; ; ; ; ; ; ;
770;Trépassable;Palossand;Pokémon châto d'sable;Ghost;Ground;Water Compaction;Sand Veil; ; ;1.3;250.0;50;7;0;true;false;769; ; ; ; ; ; ; ;
771;Concombaffe;Pyukumuku;Pokémon holoturie;Water; ;Innards Out;Unaware; ; ;0.3;1.2;50;7;0;true;false; ; ; ; ; ; ; ; ;
772;Type : 0;Type: ;Pokémon multigénome;Normal; ;Battle Armor; ; ; ;1.9;120.5; ;7;0;true;false; ;773; ; ; ; ; ; ;
773;Silvallié;Silvally;Pokémon multigénome;Normal; ;RKS System; ; ; ;2.3;100.5; ;7;0;true;false;772; ; ; ; ; ; ; ;
774;Météno;Minior;Pokémon météore;Rock;Flying;Shields Down; ; ; ;0.3;40.0; ;7;0;true;false; ; ; ; ; ; ; ; ;
775;Dodoala;Komala;Pokémon rêveur;Normal; ;Comatose; ; ; ;0.4;19.9;50;7;0;true;false; ; ; ; ; ; ; ; ;
776;Boumata;Turtonator;Pokémon tortue boum;Fire;Dragon;Shell Armor; ; ; ;2.0;212.0;50;7;0;true;false; ; ; ; ; ; ; ; ;
777;Togedemaru;Togedemaru;Pokémon roulenboule;Electric;Steel;Iron Barbs;Lightning Rod;Sturdy; ;0.3;3.3;50;7;0;true;false; ; ; ; ; ; ; ; ;
778;Mimiqui;Mimikyu;Pokémon fantômasque;Ghost;Fairy;Disguise; ; ; ;0.2;0.7;50;7;0;true;false; ; ; ; ; ; ; ; ;
779;Denticrisse;Bruxish;Pokémon grincedent;Water;Psychic;Dazzling;Strong Jaw;Wonder Skin; ;0.9;19.0;50;7;0;true;false; ; ; ; ; ; ; ; ;
780;Draïeul;Drampa;Pokémon nonchalant;Normal;Dragon;Berserk;Sap Sipper;Cloud Nine; ;3.0;185.0;50;7;0;true;false; ; ; ; ; ; ; ; ;
781;Sinistrail;Dhelmise;Pokémon varech;Ghost;Grass;Steelworker; ; ; ;3.9;210.0; ;7;0;true;false; ; ; ; ; ; ; ; ;
782;Bébécaille;Jangmo-o;Pokémon écailles;Dragon; ;Bulletproof;Soundproof;Overcoat; ;0.6;29.7;50;7;0;true;false; ;783; ; ; ; ; ; ;
783;Écaïd;Hakamo-o;Pokémon écailles;Dragon;Fighting;Bulletproof;Soundproof;Overcoat; ;1.2;47.0;50;7;0;true;false;782;784; ; ; ; ; ; ;
784;Ékaïser;Kommo-o;Pokémon écailles;Dragon;Fighting;Bulletproof;Soundproof;Overcoat; ;1.6;78.2;50;7;0;true;false;783; ; ; ; ; ; ; ;
785;Tokorico;Tapu Koko;Pokémon tutélaire;Electric;Fairy;Electric Surge;Telepathy; ; ;1.8;20.5; ;7;2;true;false; ; ; ; ; ; ; ; ;
786;Tokopiyon;Tapu Lele;Pokémon tutélaire;Psychic;Fairy;Psychic Surge;Telepathy; ; ;1.2;18.6; ;7;2;true;false; ; ; ; ; ; ; ; ;
787;Tokotoro;Tapu Bulu;Pokémon tutélaire;Grass;Fairy;Grassy Surge;Telepathy; ; ;1.9;45.5; ;7;2;true;false; ; ; ; ; ; ; ; ;
788;Tokopisco;Tapu Fini;Pokémon tutélaire;Water;Fairy;Misty Surge;Telepathy; ; ;1.3;21.2; ;7;2;true;false; ; ; ; ; ; ; ; ;
789;Cosmog;Cosmog;Pokémon nébuleuse;Psychic; ;Unaware; ; ; ;0.2;0.1; ;7;2;false;false; ;790; ; ; ; ; ; ;
790;Cosmovum;Cosmoem;Pokémon proto-étoile;Psychic; ;Sturdy; ; ; ;0.1;999.9; ;7;2;false;false;789; ; ; ; ; ; ; ;
791;Solgaleo;Solgaleo;Pokémon halo solaire;Psychic;Steel;Full Metal Body; ; ; ;3.4;230.0; ;7;2;true;false; ; ; ; ; ; ; ; ;
792;Lunala;Lunala;Pokémon lunaire;Psychic;Ghost;Shadow Shield; ; ; ;4.0;120.0; ;7;2;true;false; ; ; ; ; ; ; ; ;
793;Zéroïd;Nihilego;Pokémon parasite;Rock;Poison;Beast Boost; ; ; ;1.2;55.5; ;7;0;true;false; ; ; ; ; ; ; ; ;
794;Mouscoto;Buzzwole;Pokémon enflé;Bug;Fighting;Beast Boost; ; ; ;2.4;333.6; ;7;0;true;false; ; ; ; ; ; ; ; ;
795;Cancrelove;Pheromosa;Pokémon gracile;Bug;Fighting;Beast Boost; ; ; ;1.8;25.0; ;7;0;true;false; ; ; ; ; ; ; ; ;
796;Câblifère;Xurkitree;Pokémon luminaire;Electric; ;Beast Boost; ; ; ;3.8;100.0; ;7;0;true;false; ; ; ; ; ; ; ; ;
797;Bamboiselle;Celesteela;Pokémon décollage;Steel;Flying;Beast Boost; ; ; ;9.2;999.9; ;7;0;true;false; ; ; ; ; ; ; ; ;
798;Katagami;Kartana;Pokémon battô;Grass;Steel;Beast Boost; ; ; ;0.3;0.1; ;7;0;true;false; ; ; ; ; ; ; ; ;
799;Engloutyran;Guzzlord;Pokémon bizarrovore;Dark;Dragon;Beast Boost; ; ; ;5.5;888.0; ;7;0;true;false; ; ; ; ; ; ; ; ;
800;Necrozma;Necrozma;Pokémon prisme;Psychic; ;Prism Armor; ; ; ;2.4;230.0; ;7;0;true;false; ; ; ; ; ; ; ; ;
801;Magearna;Magearna;Pokémon artificiel;Steel;Fairy;Soul-Heart; ; ; ;1.0;80.5; ;7;1;false;false; ; ; ; ; ; ; ; ;
802;Marshadow;Marshadow;Pokémon ombrefuge;Fighting;Ghost;Technician; ; ; ;0.7;22.2; ;7;1;false;false; ; ; ; ; ; ; ; ;
803;Vémini;Poipole;Pokémon vénépic;Poison; ;Beast Boost; ; ; ;0.6;1.8; ;7;0;true;false; ;804; ; ; ; ; ; ;
804;Mandrillon;Naganadel;Pokémon vénépic;Poison;Dragon;Beast Boost; ; ; ;3.6;150.0; ;7;0;true;false;803; ; ; ; ; ; ; ;
805;Ama-Ama;Stakataka;Pokémon muraille;Rock;Steel;Beast Boost; ; ; ;5.5;820.0; ;7;0;true;false; ; ; ; ; ; ; ; ;
806;Pierroteknik;Blacephalon;Pokémon artificier;Fire;Ghost;Beast Boost; ; ; ;1.8;13.0; ;7;0;true;false; ; ; ; ; ; ; ; ;
807;Zeraora;Zeraora;Pokémon vif éclair;Electric; ;Volt Absorb; ; ; ;1.5;44.5; ;7;1;false;false; ; ; ; ; ; ; ; ;
808;Meltan;Meltan;Pokémon écrou;Steel; ;Magnet Pull; ; ; ;0.2;8.0; ;7;1;true;false; ;809; ; ; ; ; ; ;
809;Melmetal;Melmetal;Pokémon écrou;Steel; ;Iron Fist; ; ; ;2.5;800.0; ;7;1;true;false;808; ; ; ; ; ; ; ;
